flight_id,airline,source,destination,departure_time,arrival_time,duration,flight_id_valid,departure_datetime,arrival_datetime,calculated_duration_minutes,calculated_duration_hours,is_overnight,source_duration_minutes,duration_difference_minutes,duration_match,route,anomaly_type
SJ010,SPICEJET,CCU,MAA,2026-04-20 23:38:41.701,2026-04-21 02:32:41.701,02:54:00,True,2026-04-20 23:38:41.701,2026-04-21 02:32:41.701,174.0,2.9,True,174.0,0.0,True,CCU → MAA,NONE
AI155,AIR INDIA,BOM,CCU,2026-04-20 23:35:41.703,2026-04-21 01:23:41.703,01:48:00,True,2026-04-20 23:35:41.703,2026-04-21 01:23:41.703,108.0,1.8,True,108.0,0.0,True,BOM → CCU,NONE
UK094,VISTARA,BOM,CCU,2026-04-20 23:26:41.702,2026-04-21 01:11:41.702,01:45:00,True,2026-04-20 23:26:41.702,2026-04-21 01:11:41.702,105.0,1.75,True,105.0,0.0,True,BOM → CCU,NONE
AI245,AIR INDIA,BOM,CCU,2026-04-20 23:07:41.704,2026-04-21 01:43:41.704,02:36:00,True,2026-04-20 23:07:41.704,2026-04-21 01:43:41.704,156.0,2.6,True,156.0,0.0,True,BOM → CCU,NONE
AI192,AIR INDIA,MAA,BOM,2026-04-20 23:05:41.703,2026-04-21 04:04:41.703,04:59:00,True,2026-04-20 23:05:41.703,2026-04-21 04:04:41.703,299.0,4.98,True,299.0,0.0,True,MAA → BOM,NONE
SJ158,SPICEJET,DEL,HYD,2026-04-20 23:05:41.703,2026-04-21 01:24:41.703,02:19:00,True,2026-04-20 23:05:41.703,2026-04-21 01:24:41.703,139.0,2.32,True,139.0,0.0,True,DEL → HYD,NONE
6F196,INDIGO,CCU,MAA,2026-04-20 23:04:41.703,2026-04-21 00:47:41.703,01:43:00,False,2026-04-20 23:04:41.703,2026-04-21 00:47:41.703,103.0,1.72,True,103.0,0.0,True,CCU → MAA,INVALID_FLIGHT_ID
AI080,AIR INDIA,BOM,HYD,2026-04-20 23:03:41.702,2026-04-21 00:35:41.702,01:32:00,True,2026-04-20 23:03:41.702,2026-04-21 00:35:41.702,92.0,1.53,True,92.0,0.0,True,BOM → HYD,NONE
6F025,INDIGO,BLR,BOM,2026-04-20 23:02:41.701,2026-04-20 23:57:41.701,00:55:00,False,2026-04-20 23:02:41.701,2026-04-20 23:57:41.701,55.0,0.92,False,55.0,0.0,True,BLR → BOM,INVALID_FLIGHT_ID
6F251,UNKNOWN,DEL,BLR,2026-04-20 22:56:41.703,2026-04-20 23:37:41.703,00:41:00,False,2026-04-20 22:56:41.703,2026-04-20 23:37:41.703,41.0,0.68,False,41.0,0.0,True,DEL → BLR,INVALID_FLIGHT_ID
AI137,AIR INDIA,BOM,DEL,2026-04-20 22:49:41.702,2026-04-21 01:17:41.702,02:28:00,True,2026-04-20 22:49:41.702,2026-04-21 01:17:41.702,148.0,2.47,True,148.0,0.0,True,BOM → DEL,NONE
6F026,INDIGO,BOM,CCU,2026-04-20 22:46:42.000,2026-04-21 03:13:42.000,04:27:00,False,2026-04-20 22:46:42.000,2026-04-21 03:13:42.000,267.0,4.45,True,267.0,0.0,True,BOM → CCU,INVALID_FLIGHT_ID
UK167,VISTARA,DEL,MAA,2026-04-20 22:45:41.703,2026-04-21 01:46:41.703,03:01:00,True,2026-04-20 22:45:41.703,2026-04-21 01:46:41.703,181.0,3.02,True,181.0,0.0,True,DEL → MAA,NONE
UK027,VISTARA,BOM,CCU,2026-04-20 22:44:41.701,2026-04-21 01:05:41.701,02:21:00,True,2026-04-20 22:44:41.701,2026-04-21 01:05:41.701,141.0,2.35,True,141.0,0.0,True,BOM → CCU,NONE
AI069,UNKNOWN,DEL,BOM,2026-04-20 22:43:41.702,2026-04-21 02:29:41.702,03:46:00,True,2026-04-20 22:43:41.702,2026-04-21 02:29:41.702,226.0,3.77,True,226.0,0.0,True,DEL → BOM,NONE
AI058,AIR INDIA,BOM,CCU,2026-04-20 22:40:41.701,2026-04-21 00:18:41.701,01:38:00,True,2026-04-20 22:40:41.701,2026-04-21 00:18:41.701,98.0,1.63,True,98.0,0.0,True,BOM → CCU,NONE
AI140,AIR INDIA,BOM,DEL,2026-04-20 22:25:41.702,2026-04-21 02:08:41.702,03:43:00,True,2026-04-20 22:25:41.702,2026-04-21 02:08:41.702,223.0,3.72,True,223.0,0.0,True,BOM → DEL,NONE
SJ239,SPICEJET,BOM,CCU,2026-04-20 22:24:41.704,2026-04-21 00:10:41.704,01:46:00,True,2026-04-20 22:24:41.704,2026-04-21 00:10:41.704,106.0,1.77,True,106.0,0.0,True,BOM → CCU,NONE
6F099,INDIGO,MAA,DEL,2026-04-20 22:24:41.702,2026-04-20 22:59:41.702,00:35:00,False,2026-04-20 22:24:41.702,2026-04-20 22:59:41.702,35.0,0.58,False,35.0,0.0,True,MAA → DEL,INVALID_FLIGHT_ID
AI048,AIR INDIA,CCU,DEL,2026-04-20 22:23:41.701,2026-04-21 02:15:41.701,03:52:00,True,2026-04-20 22:23:41.701,2026-04-21 02:15:41.701,232.0,3.87,True,232.0,0.0,True,CCU → DEL,NONE
SJ112,SPICEJET,HYD,DEL,2026-04-20 22:20:41.702,2026-04-21 00:40:41.702,02:20:00,True,2026-04-20 22:20:41.702,2026-04-21 00:40:41.702,140.0,2.33,True,140.0,0.0,True,HYD → DEL,NONE
6F164,INDIGO,BLR,BOM,2026-04-20 22:18:41.703,2026-04-21 00:45:41.703,02:27:00,False,2026-04-20 22:18:41.703,2026-04-21 00:45:41.703,147.0,2.45,True,147.0,0.0,True,BLR → BOM,INVALID_FLIGHT_ID
UK021,VISTARA,HYD,MAA,2026-04-20 22:00:41.701,2026-04-20 23:50:41.701,01:50:00,True,2026-04-20 22:00:41.701,2026-04-20 23:50:41.701,110.0,1.83,False,110.0,0.0,True,HYD → MAA,NONE
SJ172,SPICEJET,CCU,DEL,2026-04-20 21:58:41.703,2026-04-21 01:14:41.703,03:16:00,True,2026-04-20 21:58:41.703,2026-04-21 01:14:41.703,196.0,3.27,True,196.0,0.0,True,CCU → DEL,NONE
AI060,AIR INDIA,DEL,HYD,2026-04-20 21:58:41.701,2026-04-20 23:51:41.701,01:53:00,True,2026-04-20 21:58:41.701,2026-04-20 23:51:41.701,113.0,1.88,False,113.0,0.0,True,DEL → HYD,NONE
SJ205,SPICEJET,HYD,CCU,2026-04-20 21:56:41.703,2026-04-20 23:00:41.703,01:04:00,True,2026-04-20 21:56:41.703,2026-04-20 23:00:41.703,64.0,1.07,False,64.0,0.0,True,HYD → CCU,NONE
SJ093,SPICEJET,BLR,BOM,2026-04-20 21:55:41.702,2026-04-20 23:01:41.702,01:06:00,True,2026-04-20 21:55:41.702,2026-04-20 23:01:41.702,66.0,1.1,False,66.0,0.0,True,BLR → BOM,NONE
6F195,INDIGO,CCU,DEL,2026-04-20 21:44:41.703,2026-04-20 22:39:41.703,00:55:00,False,2026-04-20 21:44:41.703,2026-04-20 22:39:41.703,55.0,0.92,False,55.0,0.0,True,CCU → DEL,INVALID_FLIGHT_ID
UK003,UNKNOWN,HYD,DEL,2026-04-20 21:41:41.700,2026-04-21 02:19:41.700,04:38:00,True,2026-04-20 21:41:41.700,2026-04-21 02:19:41.700,278.0,4.63,True,278.0,0.0,True,HYD → DEL,NONE
UK026,VISTARA,HYD,MAA,2026-04-20 21:38:41.701,2026-04-20 23:44:41.701,02:06:00,True,2026-04-20 21:38:41.701,2026-04-20 23:44:41.701,126.0,2.1,False,126.0,0.0,True,HYD → MAA,NONE
6F174,INDIGO,DEL,HYD,2026-04-20 21:36:41.703,2026-04-20 22:16:41.703,00:40:00,False,2026-04-20 21:36:41.703,2026-04-20 22:16:41.703,40.0,0.67,False,40.0,0.0,True,DEL → HYD,INVALID_FLIGHT_ID
UK067,VISTARA,BOM,CCU,2026-04-20 21:36:41.701,2026-04-21 01:02:41.701,03:26:00,True,2026-04-20 21:36:41.701,2026-04-21 01:02:41.701,206.0,3.43,True,206.0,0.0,True,BOM → CCU,NONE
SJ149,SPICEJET,HYD,MAA,2026-04-20 21:20:41.702,2026-04-20 23:20:42.000,02:00:00.298000,True,2026-04-20 21:20:41.702,2026-04-20 23:20:42.000,120.00496666666666,2.0,False,120.00496666666666,0.0,True,HYD → MAA,NONE
6F213,INDIGO,BLR,BOM,2026-04-20 21:05:41.703,2026-04-21 00:32:41.703,03:27:00,False,2026-04-20 21:05:41.703,2026-04-21 00:32:41.703,207.0,3.45,True,207.0,0.0,True,BLR → BOM,INVALID_FLIGHT_ID
UK200,VISTARA,CCU,DEL,2026-04-20 20:54:41.703,2026-04-20 22:45:41.703,01:51:00,True,2026-04-20 20:54:41.703,2026-04-20 22:45:41.703,111.0,1.85,False,111.0,0.0,True,CCU → DEL,NONE
SJ214,SPICEJET,BOM,MAA,2026-04-20 20:54:41.703,2026-04-20 22:10:41.703,01:16:00,True,2026-04-20 20:54:41.703,2026-04-20 22:10:41.703,76.0,1.27,False,76.0,0.0,True,BOM → MAA,NONE
SJ047,SPICEJET,HYD,BOM,2026-04-20 20:44:41.701,2026-04-20 21:21:41.701,00:37:00,True,2026-04-20 20:44:41.701,2026-04-20 21:21:41.701,37.0,0.62,False,37.0,0.0,True,HYD → BOM,NONE
AI179,AIR INDIA,HYD,BOM,2026-04-20 20:41:41.703,2026-04-21 01:19:41.703,04:38:00,True,2026-04-20 20:41:41.703,2026-04-21 01:19:41.703,278.0,4.63,True,278.0,0.0,True,HYD → BOM,NONE
SJ153,SPICEJET,DEL,CCU,2026-04-20 20:37:41.702,2026-04-20 22:00:41.702,01:23:00,True,2026-04-20 20:37:41.702,2026-04-20 22:00:41.702,83.0,1.38,False,83.0,0.0,True,DEL → CCU,NONE
6F236,INDIGO,BOM,DEL,2026-04-20 20:35:41.704,2026-04-20 23:54:41.704,03:19:00,False,2026-04-20 20:35:41.704,2026-04-20 23:54:41.704,199.0,3.32,False,199.0,0.0,True,BOM → DEL,INVALID_FLIGHT_ID
UK059,VISTARA,HYD,MAA,2026-04-20 20:33:41.701,2026-04-20 22:10:41.701,01:37:00,True,2026-04-20 20:33:41.701,2026-04-20 22:10:41.701,97.0,1.62,False,97.0,0.0,True,HYD → MAA,NONE
SJ001,SPICEJET,BOM,MAA,2026-04-20 20:28:41.700,2026-04-21 01:15:41.700,04:47:00,True,2026-04-20 20:28:41.700,2026-04-21 01:15:41.700,287.0,4.78,True,287.0,0.0,True,BOM → MAA,NONE
SJ049,SPICEJET,CCU,DEL,2026-04-20 20:26:41.701,2026-04-21 00:26:41.701,04:00:00,True,2026-04-20 20:26:41.701,2026-04-21 00:26:41.701,240.0,4.0,True,240.0,0.0,True,CCU → DEL,NONE
6F086,INDIGO,MAA,HYD,2026-04-20 20:23:41.702,2026-04-20 21:00:41.702,00:37:00,False,2026-04-20 20:23:41.702,2026-04-20 21:00:41.702,37.0,0.62,False,37.0,0.0,True,MAA → HYD,INVALID_FLIGHT_ID
AI220,AIR INDIA,BOM,DEL,2026-04-20 20:19:41.703,2026-04-20 21:57:41.703,01:38:00,True,2026-04-20 20:19:41.703,2026-04-20 21:57:41.703,98.0,1.63,False,98.0,0.0,True,BOM → DEL,NONE
AI188,AIR INDIA,CCU,HYD,2026-04-20 20:16:41.703,2026-04-20 23:02:41.703,02:46:00,True,2026-04-20 20:16:41.703,2026-04-20 23:02:41.703,166.0,2.77,False,166.0,0.0,True,CCU → HYD,NONE
6F114,INDIGO,BOM,MAA,2026-04-20 20:10:41.702,2026-04-20 21:00:41.702,00:50:00,False,2026-04-20 20:10:41.702,2026-04-20 21:00:41.702,50.0,0.83,False,50.0,0.0,True,BOM → MAA,INVALID_FLIGHT_ID
SJ179,SPICEJET,DEL,HYD,2026-04-20 20:09:41.703,2026-04-20 23:39:41.703,03:30:00,True,2026-04-20 20:09:41.703,2026-04-20 23:39:41.703,210.0,3.5,False,210.0,0.0,True,DEL → HYD,NONE
6F190,INDIGO,DEL,MAA,2026-04-20 20:02:41.703,2026-04-21 00:36:41.703,04:34:00,False,2026-04-20 20:02:41.703,2026-04-21 00:36:41.703,274.0,4.57,True,274.0,0.0,True,DEL → MAA,INVALID_FLIGHT_ID
SJ003,SPICEJET,MAA,CCU,2026-04-20 19:50:41.701,2026-04-20 20:32:41.701,00:42:00,True,2026-04-20 19:50:41.701,2026-04-20 20:32:41.701,42.0,0.7,False,42.0,0.0,True,MAA → CCU,NONE
6F028,INDIGO,HYD,CCU,2026-04-20 19:49:41.701,2026-04-20 21:49:41.701,02:00:00,False,2026-04-20 19:49:41.701,2026-04-20 21:49:41.701,120.0,2.0,False,120.0,0.0,True,HYD → CCU,INVALID_FLIGHT_ID
UK036,VISTARA,CCU,BLR,2026-04-20 19:48:41.701,2026-04-21 00:12:41.701,04:24:00,True,2026-04-20 19:48:41.701,2026-04-21 00:12:41.701,264.0,4.4,True,264.0,0.0,True,CCU → BLR,NONE
SJ160,SPICEJET,MAA,BLR,2026-04-20 19:45:41.703,2026-04-20 20:30:41.703,00:45:00,True,2026-04-20 19:45:41.703,2026-04-20 20:30:41.703,45.0,0.75,False,45.0,0.0,True,MAA → BLR,NONE
6F151,INDIGO,CCU,HYD,2026-04-20 19:44:41.703,2026-04-20 22:04:41.703,02:20:00,False,2026-04-20 19:44:41.703,2026-04-20 22:04:41.703,140.0,2.33,False,140.0,0.0,True,CCU → HYD,INVALID_FLIGHT_ID
UK140,VISTARA,MAA,BLR,2026-04-20 19:37:41.703,2026-04-20 21:00:41.703,01:23:00,True,2026-04-20 19:37:41.703,2026-04-20 21:00:41.703,83.0,1.38,False,83.0,0.0,True,MAA → BLR,NONE
AI115,AIR INDIA,MAA,BLR,2026-04-20 19:37:41.702,2026-04-21 00:26:41.702,04:49:00,True,2026-04-20 19:37:41.702,2026-04-21 00:26:41.702,289.0,4.82,True,289.0,0.0,True,MAA → BLR,NONE
AI132,AIR INDIA,BLR,BOM,2026-04-20 19:32:41.702,2026-04-20 21:41:41.702,02:09:00,True,2026-04-20 19:32:41.702,2026-04-20 21:41:41.702,129.0,2.15,False,129.0,0.0,True,BLR → BOM,NONE
UK209,UNKNOWN,MAA,BLR,2026-04-20 19:02:41.704,2026-04-20 21:47:41.704,02:45:00,True,2026-04-20 19:02:41.704,2026-04-20 21:47:41.704,165.0,2.75,False,165.0,0.0,True,MAA → BLR,NONE
SJ043,UNKNOWN,MAA,DEL,2026-04-20 18:59:41.701,2026-04-20 21:08:41.701,02:09:00,True,2026-04-20 18:59:41.701,2026-04-20 21:08:41.701,129.0,2.15,False,129.0,0.0,True,MAA → DEL,NONE
UK176,VISTARA,HYD,BLR,2026-04-20 18:41:41.703,2026-04-20 22:49:41.703,04:08:00,True,2026-04-20 18:41:41.703,2026-04-20 22:49:41.703,248.0,4.13,False,248.0,0.0,True,HYD → BLR,NONE
UK216,VISTARA,MAA,HYD,2026-04-20 18:33:41.704,2026-04-20 21:47:41.704,03:14:00,True,2026-04-20 18:33:41.704,2026-04-20 21:47:41.704,194.0,3.23,False,194.0,0.0,True,MAA → HYD,NONE
UK150,VISTARA,DEL,CCU,2026-04-20 18:31:41.703,2026-04-20 19:01:41.703,00:30:00,True,2026-04-20 18:31:41.703,2026-04-20 19:01:41.703,30.0,0.5,False,30.0,0.0,True,DEL → CCU,NONE
UK145,VISTARA,BOM,HYD,2026-04-20 18:30:41.703,2026-04-20 20:41:41.703,02:11:00,True,2026-04-20 18:30:41.703,2026-04-20 20:41:41.703,131.0,2.18,False,131.0,0.0,True,BOM → HYD,NONE
6F270,UNKNOWN,HYD,MAA,2026-04-20 18:14:41.701,2026-04-20 19:02:41.701,00:48:00,False,2026-04-20 18:14:41.701,2026-04-20 19:02:41.701,48.0,0.8,False,48.0,0.0,True,HYD → MAA,INVALID_FLIGHT_ID
6F012,INDIGO,CCU,HYD,2026-04-20 18:06:41.701,2026-04-20 21:31:41.701,03:25:00,False,2026-04-20 18:06:41.701,2026-04-20 21:31:41.701,205.0,3.42,False,205.0,0.0,True,CCU → HYD,INVALID_FLIGHT_ID
SJ236,SPICEJET,MAA,BOM,2026-04-20 18:03:41.704,2026-04-20 22:02:41.704,03:59:00,True,2026-04-20 18:03:41.704,2026-04-20 22:02:41.704,239.0,3.98,False,239.0,0.0,True,MAA → BOM,NONE
6F149,INDIGO,BLR,CCU,2026-04-20 17:57:41.703,2026-04-20 20:42:41.703,02:45:00,False,2026-04-20 17:57:41.703,2026-04-20 20:42:41.703,165.0,2.75,False,165.0,0.0,True,BLR → CCU,INVALID_FLIGHT_ID
UK004,VISTARA,BOM,CCU,2026-04-20 17:56:41.700,2026-04-20 18:30:41.700,00:34:00,True,2026-04-20 17:56:41.700,2026-04-20 18:30:41.700,34.0,0.57,False,34.0,0.0,True,BOM → CCU,NONE
UK010,VISTARA,MAA,HYD,2026-04-20 17:53:41.701,2026-04-20 20:40:41.701,02:47:00,True,2026-04-20 17:53:41.701,2026-04-20 20:40:41.701,167.0,2.78,False,167.0,0.0,True,MAA → HYD,NONE
UK215,VISTARA,BOM,DEL,2026-04-20 17:38:41.704,2026-04-20 19:50:41.704,02:12:00,True,2026-04-20 17:38:41.704,2026-04-20 19:50:41.704,132.0,2.2,False,132.0,0.0,True,BOM → DEL,NONE
SJ116,SPICEJET,HYD,CCU,2026-04-20 17:33:41.702,2026-04-20 19:02:41.702,01:29:00,True,2026-04-20 17:33:41.702,2026-04-20 19:02:41.702,89.0,1.48,False,89.0,0.0,True,HYD → CCU,NONE
SJ023,SPICEJET,HYD,MAA,2026-04-20 17:27:41.701,2026-04-20 19:09:41.701,01:42:00,True,2026-04-20 17:27:41.701,2026-04-20 19:09:41.701,102.0,1.7,False,102.0,0.0,True,HYD → MAA,NONE
UK152,VISTARA,BOM,CCU,2026-04-20 17:24:41.703,2026-04-20 20:13:41.703,02:49:00,True,2026-04-20 17:24:41.703,2026-04-20 20:13:41.703,169.0,2.82,False,169.0,0.0,True,BOM → CCU,NONE
SJ202,SPICEJET,CCU,HYD,2026-04-20 17:21:41.703,2026-04-20 19:08:41.703,01:47:00,True,2026-04-20 17:21:41.703,2026-04-20 19:08:41.703,107.0,1.78,False,107.0,0.0,True,CCU → HYD,NONE
6F043,INDIGO,BOM,HYD,2026-04-20 17:17:41.701,2026-04-20 18:43:41.701,01:26:00,False,2026-04-20 17:17:41.701,2026-04-20 18:43:41.701,86.0,1.43,False,86.0,0.0,True,BOM → HYD,INVALID_FLIGHT_ID
UK173,VISTARA,MAA,BLR,2026-04-20 17:06:41.703,2026-04-20 21:22:41.703,04:16:00,True,2026-04-20 17:06:41.703,2026-04-20 21:22:41.703,256.0,4.27,False,256.0,0.0,True,MAA → BLR,NONE
SJ081,SPICEJET,BOM,BLR,2026-04-20 17:04:41.702,2026-04-20 18:53:41.702,01:49:00,True,2026-04-20 17:04:41.702,2026-04-20 18:53:41.702,109.0,1.82,False,109.0,0.0,True,BOM → BLR,NONE
UK153,VISTARA,CCU,HYD,2026-04-20 16:52:41.703,2026-04-20 20:53:41.703,04:01:00,True,2026-04-20 16:52:41.703,2026-04-20 20:53:41.703,241.0,4.02,False,241.0,0.0,True,CCU → HYD,NONE
UK187,VISTARA,BLR,BOM,2026-04-20 16:52:41.703,2026-04-20 18:42:41.703,01:50:00,True,2026-04-20 16:52:41.703,2026-04-20 18:42:41.703,110.0,1.83,False,110.0,0.0,True,BLR → BOM,NONE
UK055,VISTARA,HYD,DEL,2026-04-20 16:48:41.701,2026-04-20 19:31:41.701,02:43:00,True,2026-04-20 16:48:41.701,2026-04-20 19:31:41.701,163.0,2.72,False,163.0,0.0,True,HYD → DEL,NONE
UK181,VISTARA,MAA,DEL,2026-04-20 16:44:41.703,2026-04-20 19:26:41.703,02:42:00,True,2026-04-20 16:44:41.703,2026-04-20 19:26:41.703,162.0,2.7,False,162.0,0.0,True,MAA → DEL,NONE
UK074,VISTARA,BOM,DEL,2026-04-20 16:44:41.702,2026-04-20 18:41:41.702,01:57:00,True,2026-04-20 16:44:41.702,2026-04-20 18:41:41.702,117.0,1.95,False,117.0,0.0,True,BOM → DEL,NONE
SJ068,SPICEJET,BLR,BOM,2026-04-20 16:44:41.701,2026-04-20 18:48:41.701,02:04:00,True,2026-04-20 16:44:41.701,2026-04-20 18:48:41.701,124.0,2.07,False,124.0,0.0,True,BLR → BOM,NONE
AI242,UNKNOWN,BLR,CCU,2026-04-20 16:41:41.704,2026-04-20 17:43:41.704,01:02:00,True,2026-04-20 16:41:41.704,2026-04-20 17:43:41.704,62.0,1.03,False,62.0,0.0,True,BLR → CCU,NONE
SJ237,SPICEJET,BOM,CCU,2026-04-20 16:32:41.704,2026-04-20 19:00:41.704,02:28:00,True,2026-04-20 16:32:41.704,2026-04-20 19:00:41.704,148.0,2.47,False,148.0,0.0,True,BOM → CCU,NONE
6F194,INDIGO,BOM,CCU,2026-04-20 16:29:41.703,2026-04-20 18:27:41.703,01:58:00,False,2026-04-20 16:29:41.703,2026-04-20 18:27:41.703,118.0,1.97,False,118.0,0.0,True,BOM → CCU,INVALID_FLIGHT_ID
UK063,VISTARA,DEL,BOM,2026-04-20 16:29:41.701,2026-04-20 17:41:41.701,01:12:00,True,2026-04-20 16:29:41.701,2026-04-20 17:41:41.701,72.0,1.2,False,72.0,0.0,True,DEL → BOM,NONE
UK068,VISTARA,BLR,MAA,2026-04-20 16:28:41.701,2026-04-20 18:09:41.701,01:41:00,True,2026-04-20 16:28:41.701,2026-04-20 18:09:41.701,101.0,1.68,False,101.0,0.0,True,BLR → MAA,NONE
UK224,UNKNOWN,CCU,MAA,2026-04-20 16:25:41.704,2026-04-20 20:24:41.704,03:59:00,True,2026-04-20 16:25:41.704,2026-04-20 20:24:41.704,239.0,3.98,False,239.0,0.0,True,CCU → MAA,NONE
UK077,UNKNOWN,HYD,BOM,2026-04-20 16:22:41.702,2026-04-20 18:00:41.702,01:38:00,True,2026-04-20 16:22:41.702,2026-04-20 18:00:41.702,98.0,1.63,False,98.0,0.0,True,HYD → BOM,NONE
UK207,VISTARA,MAA,CCU,2026-04-20 16:21:41.703,2026-04-20 17:36:41.703,01:15:00,True,2026-04-20 16:21:41.703,2026-04-20 17:36:41.703,75.0,1.25,False,75.0,0.0,True,MAA → CCU,NONE
AI221,AIR INDIA,MAA,HYD,2026-04-20 16:18:41.703,2026-04-20 18:54:41.703,02:36:00,True,2026-04-20 16:18:41.703,2026-04-20 18:54:41.703,156.0,2.6,False,156.0,0.0,True,MAA → HYD,NONE
UK109,VISTARA,BLR,BOM,2026-04-20 16:06:41.702,2026-04-20 17:06:42.000,01:00:00.298000,True,2026-04-20 16:06:41.702,2026-04-20 17:06:42.000,60.00496666666666,1.0,False,60.00496666666666,0.0,True,BLR → BOM,NONE
UK089,VISTARA,BOM,HYD,2026-04-20 15:38:41.702,2026-04-20 19:50:41.702,04:12:00,True,2026-04-20 15:38:41.702,2026-04-20 19:50:41.702,252.0,4.2,False,252.0,0.0,True,BOM → HYD,NONE
AI072,AIR INDIA,BLR,CCU,2026-04-20 15:34:41.702,2026-04-20 16:32:41.702,00:58:00,True,2026-04-20 15:34:41.702,2026-04-20 16:32:41.702,58.0,0.97,False,58.0,0.0,True,BLR → CCU,NONE
UK131,VISTARA,BOM,DEL,2026-04-20 15:33:41.702,2026-04-20 19:39:41.702,04:06:00,True,2026-04-20 15:33:41.702,2026-04-20 19:39:41.702,246.0,4.1,False,246.0,0.0,True,BOM → DEL,NONE
SJ150,SPICEJET,BOM,HYD,2026-04-20 15:33:41.702,2026-04-20 19:03:41.702,03:30:00,True,2026-04-20 15:33:41.702,2026-04-20 19:03:41.702,210.0,3.5,False,210.0,0.0,True,BOM → HYD,NONE
6F097,INDIGO,BLR,BOM,2026-04-20 15:32:41.702,2026-04-20 16:49:41.702,01:17:00,False,2026-04-20 15:32:41.702,2026-04-20 16:49:41.702,77.0,1.28,False,77.0,0.0,True,BLR → BOM,INVALID_FLIGHT_ID
6F123,INDIGO,DEL,HYD,2026-04-20 15:26:41.702,2026-04-20 17:12:41.702,01:46:00,False,2026-04-20 15:26:41.702,2026-04-20 17:12:41.702,106.0,1.77,False,106.0,0.0,True,DEL → HYD,INVALID_FLIGHT_ID
6F017,INDIGO,CCU,BOM,2026-04-20 15:25:41.701,2026-04-20 18:06:41.701,02:41:00,False,2026-04-20 15:25:41.701,2026-04-20 18:06:41.701,161.0,2.68,False,161.0,0.0,True,CCU → BOM,INVALID_FLIGHT_ID
6F245,INDIGO,CCU,BOM,2026-04-20 15:25:41.701,2026-04-20 18:06:41.701,02:41:00,False,2026-04-20 15:25:41.701,2026-04-20 18:06:41.701,161.0,2.68,False,161.0,0.0,True,CCU → BOM,INVALID_FLIGHT_ID
6F180,INDIGO,MAA,BLR,2026-04-20 15:24:41.703,2026-04-20 19:48:41.703,04:24:00,False,2026-04-20 15:24:41.703,2026-04-20 19:48:41.703,264.0,4.4,False,264.0,0.0,True,MAA → BLR,INVALID_FLIGHT_ID
6F152,INDIGO,CCU,DEL,2026-04-20 15:21:41.703,2026-04-20 17:25:41.703,02:04:00,False,2026-04-20 15:21:41.703,2026-04-20 17:25:41.703,124.0,2.07,False,124.0,0.0,True,CCU → DEL,INVALID_FLIGHT_ID
SJ034,SPICEJET,MAA,BOM,2026-04-20 15:20:41.701,2026-04-20 20:11:41.701,04:51:00,True,2026-04-20 15:20:41.701,2026-04-20 20:11:41.701,291.0,4.85,False,291.0,0.0,True,MAA → BOM,NONE
SJ142,SPICEJET,CCU,BOM,2026-04-20 15:14:41.702,2026-04-20 16:56:41.702,01:42:00,True,2026-04-20 15:14:41.702,2026-04-20 16:56:41.702,102.0,1.7,False,102.0,0.0,True,CCU → BOM,NONE
UK189,VISTARA,BLR,MAA,2026-04-20 15:07:41.703,2026-04-20 18:51:41.703,03:44:00,True,2026-04-20 15:07:41.703,2026-04-20 18:51:41.703,224.0,3.73,False,224.0,0.0,True,BLR → MAA,NONE
SJ044,SPICEJET,DEL,CCU,2026-04-20 15:06:41.701,2026-04-20 17:43:41.701,02:37:00,True,2026-04-20 15:06:41.701,2026-04-20 17:43:41.701,157.0,2.62,False,157.0,0.0,True,DEL → CCU,NONE
SJ196,SPICEJET,DEL,HYD,2026-04-20 14:58:41.703,2026-04-20 17:44:41.703,02:46:00,True,2026-04-20 14:58:41.703,2026-04-20 17:44:41.703,166.0,2.77,False,166.0,0.0,True,DEL → HYD,NONE
6F188,INDIGO,DEL,HYD,2026-04-20 14:57:41.703,2026-04-20 19:39:41.703,04:42:00,False,2026-04-20 14:57:41.703,2026-04-20 19:39:41.703,282.0,4.7,False,282.0,0.0,True,DEL → HYD,INVALID_FLIGHT_ID
6F181,INDIGO,BOM,MAA,2026-04-20 14:55:41.703,2026-04-20 16:43:41.703,01:48:00,False,2026-04-20 14:55:41.703,2026-04-20 16:43:41.703,108.0,1.8,False,108.0,0.0,True,BOM → MAA,INVALID_FLIGHT_ID
6F077,INDIGO,CCU,DEL,2026-04-20 14:55:41.702,2026-04-20 19:13:41.702,04:18:00,False,2026-04-20 14:55:41.702,2026-04-20 19:13:41.702,258.0,4.3,False,258.0,0.0,True,CCU → DEL,INVALID_FLIGHT_ID
SJ154,SPICEJET,BLR,HYD,2026-04-20 14:47:41.702,2026-04-20 16:26:41.702,01:39:00,True,2026-04-20 14:47:41.702,2026-04-20 16:26:41.702,99.0,1.65,False,99.0,0.0,True,BLR → HYD,NONE
AI025,AIR INDIA,HYD,DEL,2026-04-20 14:46:41.701,2026-04-20 17:11:41.701,02:25:00,True,2026-04-20 14:46:41.701,2026-04-20 17:11:41.701,145.0,2.42,False,145.0,0.0,True,HYD → DEL,NONE
AI094,AIR INDIA,DEL,BLR,2026-04-20 14:44:41.702,2026-04-20 15:44:42.000,01:00:00.298000,True,2026-04-20 14:44:41.702,2026-04-20 15:44:42.000,60.00496666666666,1.0,False,60.00496666666666,0.0,True,DEL → BLR,NONE
6F191,INDIGO,BLR,DEL,2026-04-20 14:41:41.703,2026-04-20 15:11:41.703,00:30:00,False,2026-04-20 14:41:41.703,2026-04-20 15:11:41.703,30.0,0.5,False,30.0,0.0,True,BLR → DEL,INVALID_FLIGHT_ID
SJ085,SPICEJET,BLR,MAA,2026-04-20 14:41:41.702,2026-04-20 19:11:41.702,04:30:00,True,2026-04-20 14:41:41.702,2026-04-20 19:11:41.702,270.0,4.5,False,270.0,0.0,True,BLR → MAA,NONE
6F261,UNKNOWN,CCU,DEL,2026-04-20 14:31:41.703,2026-04-20 17:29:41.703,02:58:00,False,2026-04-20 14:31:41.703,2026-04-20 17:29:41.703,178.0,2.97,False,178.0,0.0,True,CCU → DEL,INVALID_FLIGHT_ID
6F129,INDIGO,DEL,CCU,2026-04-20 14:28:41.702,2026-04-20 16:47:41.702,02:19:00,False,2026-04-20 14:28:41.702,2026-04-20 16:47:41.702,139.0,2.32,False,139.0,0.0,True,DEL → CCU,INVALID_FLIGHT_ID
6F254,UNKNOWN,MAA,BLR,2026-04-20 14:26:41.703,2026-04-20 18:01:41.703,03:35:00,False,2026-04-20 14:26:41.703,2026-04-20 18:01:41.703,215.0,3.58,False,215.0,0.0,True,MAA → BLR,INVALID_FLIGHT_ID
SJ185,SPICEJET,BOM,CCU,2026-04-20 14:21:41.703,2026-04-20 15:21:41.703,01:00:00,True,2026-04-20 14:21:41.703,2026-04-20 15:21:41.703,60.0,1.0,False,60.0,0.0,True,BOM → CCU,NONE
6F030,INDIGO,BOM,DEL,2026-04-20 14:20:41.701,2026-04-20 17:10:41.701,02:50:00,False,2026-04-20 14:20:41.701,2026-04-20 17:10:41.701,170.0,2.83,False,170.0,0.0,True,BOM → DEL,INVALID_FLIGHT_ID
SJ222,SPICEJET,BOM,DEL,2026-04-20 14:15:41.703,2026-04-20 17:09:41.703,02:54:00,True,2026-04-20 14:15:41.703,2026-04-20 17:09:41.703,174.0,2.9,False,174.0,0.0,True,BOM → DEL,NONE
6F259,UNKNOWN,BOM,DEL,2026-04-20 14:10:41.703,2026-04-20 15:21:41.703,01:11:00,False,2026-04-20 14:10:41.703,2026-04-20 15:21:41.703,71.0,1.18,False,71.0,0.0,True,BOM → DEL,INVALID_FLIGHT_ID
UK083,VISTARA,DEL,HYD,2026-04-20 14:10:41.702,2026-04-20 14:59:41.702,00:49:00,True,2026-04-20 14:10:41.702,2026-04-20 14:59:41.702,49.0,0.82,False,49.0,0.0,True,DEL → HYD,NONE
6F051,INDIGO,BLR,BOM,2026-04-20 13:58:41.701,2026-04-20 15:58:41.701,02:00:00,False,2026-04-20 13:58:41.701,2026-04-20 15:58:41.701,120.0,2.0,False,120.0,0.0,True,BLR → BOM,INVALID_FLIGHT_ID
SJ088,SPICEJET,CCU,MAA,2026-04-20 13:54:41.702,2026-04-20 14:26:41.702,00:32:00,True,2026-04-20 13:54:41.702,2026-04-20 14:26:41.702,32.0,0.53,False,32.0,0.0,True,CCU → MAA,NONE
6F146,INDIGO,HYD,MAA,2026-04-20 13:51:41.703,2026-04-20 15:07:41.703,01:16:00,False,2026-04-20 13:51:41.703,2026-04-20 15:07:41.703,76.0,1.27,False,76.0,0.0,True,HYD → MAA,INVALID_FLIGHT_ID
6F047,INDIGO,MAA,DEL,2026-04-20 13:50:41.701,2026-04-20 15:55:41.701,02:05:00,False,2026-04-20 13:50:41.701,2026-04-20 15:55:41.701,125.0,2.08,False,125.0,0.0,True,MAA → DEL,INVALID_FLIGHT_ID
AI077,AIR INDIA,CCU,HYD,2026-04-20 13:45:41.702,2026-04-20 14:51:41.702,01:06:00,True,2026-04-20 13:45:41.702,2026-04-20 14:51:41.702,66.0,1.1,False,66.0,0.0,True,CCU → HYD,NONE
UK134,VISTARA,HYD,CCU,2026-04-20 13:44:41.702,2026-04-20 17:26:41.702,03:42:00,True,2026-04-20 13:44:41.702,2026-04-20 17:26:41.702,222.0,3.7,False,222.0,0.0,True,HYD → CCU,NONE
AI056,AIR INDIA,DEL,MAA,2026-04-20 13:44:41.701,2026-04-20 17:39:41.701,03:55:00,True,2026-04-20 13:44:41.701,2026-04-20 17:39:41.701,235.0,3.92,False,235.0,0.0,True,DEL → MAA,NONE
UK141,UNKNOWN,HYD,MAA,2026-04-20 13:38:41.703,2026-04-20 15:59:41.703,02:21:00,True,2026-04-20 13:38:41.703,2026-04-20 15:59:41.703,141.0,2.35,False,141.0,0.0,True,HYD → MAA,NONE
AI030,AIR INDIA,CCU,HYD,2026-04-20 13:33:41.701,2026-04-20 16:52:41.701,03:19:00,True,2026-04-20 13:33:41.701,2026-04-20 16:52:41.701,199.0,3.32,False,199.0,0.0,True,CCU → HYD,NONE
AI029,AIR INDIA,MAA,DEL,2026-04-20 13:29:41.701,2026-04-20 17:53:41.701,04:24:00,True,2026-04-20 13:29:41.701,2026-04-20 17:53:41.701,264.0,4.4,False,264.0,0.0,True,MAA → DEL,NONE
SJ167,SPICEJET,MAA,CCU,2026-04-20 13:18:41.703,2026-04-20 14:12:41.703,00:54:00,True,2026-04-20 13:18:41.703,2026-04-20 14:12:41.703,54.0,0.9,False,54.0,0.0,True,MAA → CCU,NONE
UK017,VISTARA,BLR,HYD,2026-04-20 13:14:41.701,2026-04-20 14:49:41.701,01:35:00,True,2026-04-20 13:14:41.701,2026-04-20 14:49:41.701,95.0,1.58,False,95.0,0.0,True,BLR → HYD,NONE
6F229,INDIGO,MAA,DEL,2026-04-20 13:10:41.704,2026-04-20 14:30:41.704,01:20:00,False,2026-04-20 13:10:41.704,2026-04-20 14:30:41.704,80.0,1.33,False,80.0,0.0,True,MAA → DEL,INVALID_FLIGHT_ID
SJ117,SPICEJET,MAA,BLR,2026-04-20 13:10:41.702,2026-04-20 17:06:41.702,03:56:00,True,2026-04-20 13:10:41.702,2026-04-20 17:06:41.702,236.0,3.93,False,236.0,0.0,True,MAA → BLR,NONE
6F184,INDIGO,MAA,BOM,2026-04-20 13:05:41.703,2026-04-20 16:04:41.703,02:59:00,False,2026-04-20 13:05:41.703,2026-04-20 16:04:41.703,179.0,2.98,False,179.0,0.0,True,MAA → BOM,INVALID_FLIGHT_ID
AI031,AIR INDIA,DEL,MAA,2026-04-20 13:05:41.701,2026-04-20 16:11:41.701,03:06:00,True,2026-04-20 13:05:41.701,2026-04-20 16:11:41.701,186.0,3.1,False,186.0,0.0,True,DEL → MAA,NONE
AI178,AIR INDIA,CCU,BLR,2026-04-20 13:04:41.703,2026-04-20 14:03:41.703,00:59:00,True,2026-04-20 13:04:41.703,2026-04-20 14:03:41.703,59.0,0.98,False,59.0,0.0,True,CCU → BLR,NONE
SJ089,SPICEJET,HYD,CCU,2026-04-20 12:42:41.702,2026-04-20 17:15:41.702,04:33:00,True,2026-04-20 12:42:41.702,2026-04-20 17:15:41.702,273.0,4.55,False,273.0,0.0,True,HYD → CCU,NONE
UK166,VISTARA,HYD,MAA,2026-04-20 12:39:41.703,2026-04-20 17:32:41.703,04:53:00,True,2026-04-20 12:39:41.703,2026-04-20 17:32:41.703,293.0,4.88,False,293.0,0.0,True,HYD → MAA,NONE
UK104,VISTARA,DEL,BOM,2026-04-20 12:30:41.702,2026-04-20 13:52:41.702,01:22:00,True,2026-04-20 12:30:41.702,2026-04-20 13:52:41.702,82.0,1.37,False,82.0,0.0,True,DEL → BOM,NONE
6F168,INDIGO,HYD,DEL,2026-04-20 12:18:41.703,2026-04-20 15:58:41.703,03:40:00,False,2026-04-20 12:18:41.703,2026-04-20 15:58:41.703,220.0,3.67,False,220.0,0.0,True,HYD → DEL,INVALID_FLIGHT_ID
AI222,UNKNOWN,BOM,DEL,2026-04-20 12:10:41.703,2026-04-20 13:14:41.703,01:04:00,True,2026-04-20 12:10:41.703,2026-04-20 13:14:41.703,64.0,1.07,False,64.0,0.0,True,BOM → DEL,NONE
SJ025,SPICEJET,BOM,CCU,2026-04-20 12:02:41.701,2026-04-20 15:29:41.701,03:27:00,True,2026-04-20 12:02:41.701,2026-04-20 15:29:41.701,207.0,3.45,False,207.0,0.0,True,BOM → CCU,NONE
6F255,UNKNOWN,DEL,BOM,2026-04-20 11:59:41.703,2026-04-20 15:33:41.703,03:34:00,False,2026-04-20 11:59:41.703,2026-04-20 15:33:41.703,214.0,3.57,False,214.0,0.0,True,DEL → BOM,INVALID_FLIGHT_ID
UK228,VISTARA,DEL,MAA,2026-04-20 11:58:41.704,2026-04-20 15:08:41.704,03:10:00,True,2026-04-20 11:58:41.704,2026-04-20 15:08:41.704,190.0,3.17,False,190.0,0.0,True,DEL → MAA,NONE
6F158,INDIGO,CCU,MAA,2026-04-20 11:58:41.703,2026-04-20 16:04:41.703,04:06:00,False,2026-04-20 11:58:41.703,2026-04-20 16:04:41.703,246.0,4.1,False,246.0,0.0,True,CCU → MAA,INVALID_FLIGHT_ID
SJ218,SPICEJET,DEL,HYD,2026-04-20 11:58:41.703,2026-04-20 15:03:41.703,03:05:00,True,2026-04-20 11:58:41.703,2026-04-20 15:03:41.703,185.0,3.08,False,185.0,0.0,True,DEL → HYD,NONE
6F034,INDIGO,BOM,DEL,2026-04-20 11:53:41.701,2026-04-20 12:49:41.701,00:56:00,False,2026-04-20 11:53:41.701,2026-04-20 12:49:41.701,56.0,0.93,False,56.0,0.0,True,BOM → DEL,INVALID_FLIGHT_ID
UK156,VISTARA,MAA,BLR,2026-04-20 11:50:41.703,2026-04-20 15:54:41.703,04:04:00,True,2026-04-20 11:50:41.703,2026-04-20 15:54:41.703,244.0,4.07,False,244.0,0.0,True,MAA → BLR,NONE
6F105,INDIGO,BLR,BOM,2026-04-20 11:46:41.702,2026-04-20 12:58:41.702,01:12:00,False,2026-04-20 11:46:41.702,2026-04-20 12:58:41.702,72.0,1.2,False,72.0,0.0,True,BLR → BOM,INVALID_FLIGHT_ID
6F073,INDIGO,DEL,CCU,2026-04-20 11:38:41.702,2026-04-20 15:18:41.702,03:40:00,False,2026-04-20 11:38:41.702,2026-04-20 15:18:41.702,220.0,3.67,False,220.0,0.0,True,DEL → CCU,INVALID_FLIGHT_ID
SJ074,SPICEJET,DEL,CCU,2026-04-20 11:21:41.701,2026-04-20 12:02:41.701,00:41:00,True,2026-04-20 11:21:41.701,2026-04-20 12:02:41.701,41.0,0.68,False,41.0,0.0,True,DEL → CCU,NONE
6F234,INDIGO,BOM,DEL,2026-04-20 11:20:41.704,2026-04-20 14:11:41.704,02:51:00,False,2026-04-20 11:20:41.704,2026-04-20 14:11:41.704,171.0,2.85,False,171.0,0.0,True,BOM → DEL,INVALID_FLIGHT_ID
6F068,INDIGO,BLR,HYD,2026-04-20 11:17:41.701,2026-04-20 15:06:41.701,03:49:00,False,2026-04-20 11:17:41.701,2026-04-20 15:06:41.701,229.0,3.82,False,229.0,0.0,True,BLR → HYD,INVALID_FLIGHT_ID
6F074,INDIGO,HYD,BOM,2026-04-20 11:09:41.702,2026-04-20 14:29:41.702,03:20:00,False,2026-04-20 11:09:41.702,2026-04-20 14:29:41.702,200.0,3.33,False,200.0,0.0,True,HYD → BOM,INVALID_FLIGHT_ID
AI038,AIR INDIA,HYD,MAA,2026-04-20 11:05:41.701,2026-04-20 15:44:41.701,04:39:00,True,2026-04-20 11:05:41.701,2026-04-20 15:44:41.701,279.0,4.65,False,279.0,0.0,True,HYD → MAA,NONE
AI079,AIR INDIA,CCU,BLR,2026-04-20 11:04:41.702,2026-04-20 13:19:41.702,02:15:00,True,2026-04-20 11:04:41.702,2026-04-20 13:19:41.702,135.0,2.25,False,135.0,0.0,True,CCU → BLR,NONE
SJ018,SPICEJET,BOM,CCU,2026-04-20 10:58:41.701,2026-04-20 13:31:41.701,02:33:00,True,2026-04-20 10:58:41.701,2026-04-20 13:31:41.701,153.0,2.55,False,153.0,0.0,True,BOM → CCU,NONE
6F018,INDIGO,DEL,BLR,2026-04-20 10:57:41.701,2026-04-20 11:43:41.701,00:46:00,False,2026-04-20 10:57:41.701,2026-04-20 11:43:41.701,46.0,0.77,False,46.0,0.0,True,DEL → BLR,INVALID_FLIGHT_ID
AI091,AIR INDIA,CCU,MAA,2026-04-20 10:52:41.702,2026-04-20 15:15:41.702,04:23:00,True,2026-04-20 10:52:41.702,2026-04-20 15:15:41.702,263.0,4.38,False,263.0,0.0,True,CCU → MAA,NONE
UK071,VISTARA,DEL,HYD,2026-04-20 10:50:41.701,2026-04-20 14:06:41.701,03:16:00,True,2026-04-20 10:50:41.701,2026-04-20 14:06:41.701,196.0,3.27,False,196.0,0.0,True,DEL → HYD,NONE
AI019,AIR INDIA,BOM,CCU,2026-04-20 10:49:41.701,2026-04-20 11:51:41.701,01:02:00,True,2026-04-20 10:49:41.701,2026-04-20 11:51:41.701,62.0,1.03,False,62.0,0.0,True,BOM → CCU,NONE
UK212,VISTARA,HYD,MAA,2026-04-20 10:46:41.704,2026-04-20 11:31:41.704,00:45:00,True,2026-04-20 10:46:41.704,2026-04-20 11:31:41.704,45.0,0.75,False,45.0,0.0,True,HYD → MAA,NONE
AI146,AIR INDIA,BLR,DEL,2026-04-20 10:40:41.702,2026-04-20 13:46:41.702,03:06:00,True,2026-04-20 10:40:41.702,2026-04-20 13:46:41.702,186.0,3.1,False,186.0,0.0,True,BLR → DEL,NONE
6F232,INDIGO,MAA,BLR,2026-04-20 10:39:41.704,2026-04-20 12:22:41.704,01:43:00,False,2026-04-20 10:39:41.704,2026-04-20 12:22:41.704,103.0,1.72,False,103.0,0.0,True,MAA → BLR,INVALID_FLIGHT_ID
6F084,INDIGO,CCU,HYD,2026-04-20 10:34:41.702,2026-04-20 11:34:42.000,01:00:00.298000,False,2026-04-20 10:34:41.702,2026-04-20 11:34:42.000,60.00496666666666,1.0,False,60.00496666666666,0.0,True,CCU → HYD,INVALID_FLIGHT_ID
AI129,AIR INDIA,BOM,CCU,2026-04-20 10:29:41.702,2026-04-20 13:38:41.702,03:09:00,True,2026-04-20 10:29:41.702,2026-04-20 13:38:41.702,189.0,3.15,False,189.0,0.0,True,BOM → CCU,NONE
AI240,AIR INDIA,MAA,DEL,2026-04-20 10:19:41.704,2026-04-20 12:46:41.704,02:27:00,True,2026-04-20 10:19:41.704,2026-04-20 12:46:41.704,147.0,2.45,False,147.0,0.0,True,MAA → DEL,NONE
6F091,INDIGO,BLR,CCU,2026-04-20 10:10:41.702,2026-04-20 11:36:41.702,01:26:00,False,2026-04-20 10:10:41.702,2026-04-20 11:36:41.702,86.0,1.43,False,86.0,0.0,True,BLR → CCU,INVALID_FLIGHT_ID
UK133,VISTARA,BOM,DEL,2026-04-20 10:04:41.702,2026-04-20 13:16:41.702,03:12:00,True,2026-04-20 10:04:41.702,2026-04-20 13:16:41.702,192.0,3.2,False,192.0,0.0,True,BOM → DEL,NONE
SJ007,SPICEJET,BOM,CCU,2026-04-20 10:03:41.701,2026-04-20 14:53:41.701,04:50:00,True,2026-04-20 10:03:41.701,2026-04-20 14:53:41.701,290.0,4.83,False,290.0,0.0,True,BOM → CCU,NONE
SJ141,SPICEJET,CCU,DEL,2026-04-20 10:00:41.702,2026-04-20 13:37:41.702,03:37:00,True,2026-04-20 10:00:41.702,2026-04-20 13:37:41.702,217.0,3.62,False,217.0,0.0,True,CCU → DEL,NONE
6F049,INDIGO,HYD,DEL,2026-04-20 10:00:41.701,2026-04-20 13:13:41.701,03:13:00,False,2026-04-20 10:00:41.701,2026-04-20 13:13:41.701,193.0,3.22,False,193.0,0.0,True,HYD → DEL,INVALID_FLIGHT_ID
SJ235,SPICEJET,BOM,DEL,2026-04-20 09:57:41.704,2026-04-20 13:45:41.704,03:48:00,True,2026-04-20 09:57:41.704,2026-04-20 13:45:41.704,228.0,3.8,False,228.0,0.0,True,BOM → DEL,NONE
UK087,VISTARA,HYD,MAA,2026-04-20 09:49:41.702,2026-04-20 13:17:41.702,03:28:00,True,2026-04-20 09:49:41.702,2026-04-20 13:17:41.702,208.0,3.47,False,208.0,0.0,True,HYD → MAA,NONE
UK170,VISTARA,BOM,BLR,2026-04-20 09:42:41.703,2026-04-20 11:32:41.703,01:50:00,True,2026-04-20 09:42:41.703,2026-04-20 11:32:41.703,110.0,1.83,False,110.0,0.0,True,BOM → BLR,NONE
SJ078,SPICEJET,DEL,HYD,2026-04-20 09:41:41.701,2026-04-20 12:49:41.701,03:08:00,True,2026-04-20 09:41:41.701,2026-04-20 12:49:41.701,188.0,3.13,False,188.0,0.0,True,DEL → HYD,NONE
SJ075,SPICEJET,MAA,BLR,2026-04-20 09:26:41.701,2026-04-20 11:03:41.701,01:37:00,True,2026-04-20 09:26:41.701,2026-04-20 11:03:41.701,97.0,1.62,False,97.0,0.0,True,MAA → BLR,NONE
AI159,AIR INDIA,HYD,BLR,2026-04-20 09:23:41.703,2026-04-20 11:36:41.703,02:13:00,True,2026-04-20 09:23:41.703,2026-04-20 11:36:41.703,133.0,2.22,False,133.0,0.0,True,HYD → BLR,NONE
UK120,VISTARA,HYD,DEL,2026-04-20 09:19:41.702,2026-04-20 13:30:41.702,04:11:00,True,2026-04-20 09:19:41.702,2026-04-20 13:30:41.702,251.0,4.18,False,251.0,0.0,True,HYD → DEL,NONE
AI059,AIR INDIA,CCU,DEL,2026-04-20 09:16:41.701,2026-04-20 11:43:41.701,02:27:00,True,2026-04-20 09:16:41.701,2026-04-20 11:43:41.701,147.0,2.45,False,147.0,0.0,True,CCU → DEL,NONE
UK040,VISTARA,HYD,CCU,2026-04-20 09:15:41.701,2026-04-20 10:32:41.701,01:17:00,True,2026-04-20 09:15:41.701,2026-04-20 10:32:41.701,77.0,1.28,False,77.0,0.0,True,HYD → CCU,NONE
AI044,UNKNOWN,MAA,BLR,2026-04-20 09:03:41.701,2026-04-20 12:36:41.701,03:33:00,True,2026-04-20 09:03:41.701,2026-04-20 12:36:41.701,213.0,3.55,False,213.0,0.0,True,MAA → BLR,NONE
AI078,AIR INDIA,DEL,BOM,2026-04-20 08:58:41.702,2026-04-20 13:28:41.702,04:30:00,True,2026-04-20 08:58:41.702,2026-04-20 13:28:41.702,270.0,4.5,False,270.0,0.0,True,DEL → BOM,NONE
SJ226,SPICEJET,HYD,BOM,2026-04-20 08:47:41.704,2026-04-20 12:54:41.704,04:07:00,True,2026-04-20 08:47:41.704,2026-04-20 12:54:41.704,247.0,4.12,False,247.0,0.0,True,HYD → BOM,NONE
6F209,INDIGO,MAA,CCU,2026-04-20 08:40:41.703,2026-04-20 13:40:41.703,05:00:00,False,2026-04-20 08:40:41.703,2026-04-20 13:40:41.703,300.0,5.0,False,300.0,0.0,True,MAA → CCU,INVALID_FLIGHT_ID
UK193,VISTARA,HYD,DEL,2026-04-20 08:39:41.703,2026-04-20 09:14:41.703,00:35:00,True,2026-04-20 08:39:41.703,2026-04-20 09:14:41.703,35.0,0.58,False,35.0,0.0,True,HYD → DEL,NONE
6F092,INDIGO,MAA,BLR,2026-04-20 08:39:41.702,2026-04-20 09:15:41.702,00:36:00,False,2026-04-20 08:39:41.702,2026-04-20 09:15:41.702,36.0,0.6,False,36.0,0.0,True,MAA → BLR,INVALID_FLIGHT_ID
AI208,AIR INDIA,BLR,BOM,2026-04-20 08:38:41.703,2026-04-20 11:52:41.703,03:14:00,True,2026-04-20 08:38:41.703,2026-04-20 11:52:41.703,194.0,3.23,False,194.0,0.0,True,BLR → BOM,NONE
SJ227,SPICEJET,BOM,CCU,2026-04-20 08:32:41.704,2026-04-20 12:53:41.704,04:21:00,True,2026-04-20 08:32:41.704,2026-04-20 12:53:41.704,261.0,4.35,False,261.0,0.0,True,BOM → CCU,NONE
6F238,INDIGO,BOM,DEL,2026-04-20 08:31:41.704,2026-04-20 09:19:41.704,00:48:00,False,2026-04-20 08:31:41.704,2026-04-20 09:19:41.704,48.0,0.8,False,48.0,0.0,True,BOM → DEL,INVALID_FLIGHT_ID
AI084,AIR INDIA,BOM,HYD,2026-04-20 08:31:41.702,2026-04-20 09:46:41.702,01:15:00,True,2026-04-20 08:31:41.702,2026-04-20 09:46:41.702,75.0,1.25,False,75.0,0.0,True,BOM → HYD,NONE
SJ228,SPICEJET,BOM,CCU,2026-04-20 08:29:41.704,2026-04-20 12:16:41.704,03:47:00,True,2026-04-20 08:29:41.704,2026-04-20 12:16:41.704,227.0,3.78,False,227.0,0.0,True,BOM → CCU,NONE
UK194,VISTARA,CCU,BOM,2026-04-20 08:26:41.703,2026-04-20 09:26:42.000,01:00:00.297000,True,2026-04-20 08:26:41.703,2026-04-20 09:26:42.000,60.00495,1.0,False,60.00495,0.0,True,CCU → BOM,NONE
6F126,INDIGO,CCU,MAA,2026-04-20 08:21:41.702,2026-04-20 09:39:41.702,01:18:00,False,2026-04-20 08:21:41.702,2026-04-20 09:39:41.702,78.0,1.3,False,78.0,0.0,True,CCU → MAA,INVALID_FLIGHT_ID
SJ052,SPICEJET,MAA,BLR,2026-04-20 08:20:41.701,2026-04-20 09:57:41.701,01:37:00,True,2026-04-20 08:20:41.701,2026-04-20 09:57:41.701,97.0,1.62,False,97.0,0.0,True,MAA → BLR,NONE
AI233,AIR INDIA,BLR,BOM,2026-04-20 08:04:41.704,2026-04-20 09:52:41.704,01:48:00,True,2026-04-20 08:04:41.704,2026-04-20 09:52:41.704,108.0,1.8,False,108.0,0.0,True,BLR → BOM,NONE
AI213,AIR INDIA,HYD,CCU,2026-04-20 08:03:41.703,2026-04-20 09:14:41.703,01:11:00,True,2026-04-20 08:03:41.703,2026-04-20 09:14:41.703,71.0,1.18,False,71.0,0.0,True,HYD → CCU,NONE
UK076,VISTARA,MAA,CCU,2026-04-20 08:03:41.702,2026-04-20 12:26:41.702,04:23:00,True,2026-04-20 08:03:41.702,2026-04-20 12:26:41.702,263.0,4.38,False,263.0,0.0,True,MAA → CCU,NONE
SJ022,SPICEJET,DEL,BLR,2026-04-20 07:56:41.701,2026-04-20 11:07:41.701,03:11:00,True,2026-04-20 07:56:41.701,2026-04-20 11:07:41.701,191.0,3.18,False,191.0,0.0,True,DEL → BLR,NONE
SJ002,SPICEJET,DEL,BOM,2026-04-20 07:54:41.701,2026-04-20 12:40:41.701,04:46:00,True,2026-04-20 07:54:41.701,2026-04-20 12:40:41.701,286.0,4.77,False,286.0,0.0,True,DEL → BOM,NONE
AI163,AIR INDIA,HYD,MAA,2026-04-20 07:45:41.703,2026-04-20 08:46:41.703,01:01:00,True,2026-04-20 07:45:41.703,2026-04-20 08:46:41.703,61.0,1.02,False,61.0,0.0,True,HYD → MAA,NONE
UK229,UNKNOWN,HYD,DEL,2026-04-20 07:40:41.704,2026-04-20 11:57:41.704,04:17:00,True,2026-04-20 07:40:41.704,2026-04-20 11:57:41.704,257.0,4.28,False,257.0,0.0,True,HYD → DEL,NONE
UK185,VISTARA,DEL,MAA,2026-04-20 07:31:41.703,2026-04-20 08:48:41.703,01:17:00,True,2026-04-20 07:31:41.703,2026-04-20 08:48:41.703,77.0,1.28,False,77.0,0.0,True,DEL → MAA,NONE
6F029,INDIGO,BOM,BLR,2026-04-20 07:31:41.701,2026-04-20 11:45:41.701,04:14:00,False,2026-04-20 07:31:41.701,2026-04-20 11:45:41.701,254.0,4.23,False,254.0,0.0,True,BOM → BLR,INVALID_FLIGHT_ID
6F056,INDIGO,BOM,MAA,2026-04-20 07:00:41.701,2026-04-20 08:49:41.701,01:49:00,False,2026-04-20 07:00:41.701,2026-04-20 08:49:41.701,109.0,1.82,False,109.0,0.0,True,BOM → MAA,INVALID_FLIGHT_ID
AI062,AIR INDIA,MAA,DEL,2026-04-20 06:49:41.701,2026-04-20 07:25:41.701,00:36:00,True,2026-04-20 06:49:41.701,2026-04-20 07:25:41.701,36.0,0.6,False,36.0,0.0,True,MAA → DEL,NONE
UK034,VISTARA,DEL,BLR,2026-04-20 06:47:41.701,2026-04-20 10:11:41.701,03:24:00,True,2026-04-20 06:47:41.701,2026-04-20 10:11:41.701,204.0,3.4,False,204.0,0.0,True,DEL → BLR,NONE
UK079,VISTARA,DEL,BLR,2026-04-20 06:43:41.702,2026-04-20 10:34:41.702,03:51:00,True,2026-04-20 06:43:41.702,2026-04-20 10:34:41.702,231.0,3.85,False,231.0,0.0,True,DEL → BLR,NONE
AI135,AIR INDIA,BLR,BOM,2026-04-20 06:40:41.702,2026-04-20 09:21:41.702,02:41:00,True,2026-04-20 06:40:41.702,2026-04-20 09:21:41.702,161.0,2.68,False,161.0,0.0,True,BLR → BOM,NONE
SJ061,SPICEJET,MAA,BLR,2026-04-20 06:38:41.701,2026-04-20 09:35:41.701,02:57:00,True,2026-04-20 06:38:41.701,2026-04-20 09:35:41.701,177.0,2.95,False,177.0,0.0,True,MAA → BLR,NONE
AI047,UNKNOWN,CCU,MAA,2026-04-20 06:36:41.701,2026-04-20 07:23:41.701,00:47:00,True,2026-04-20 06:36:41.701,2026-04-20 07:23:41.701,47.0,0.78,False,47.0,0.0,True,CCU → MAA,NONE
UK210,VISTARA,DEL,CCU,2026-04-20 06:35:41.704,2026-04-20 07:30:41.704,00:55:00,True,2026-04-20 06:35:41.704,2026-04-20 07:30:41.704,55.0,0.92,False,55.0,0.0,True,DEL → CCU,NONE
AI088,UNKNOWN,MAA,DEL,2026-04-20 06:34:41.702,2026-04-20 10:10:41.702,03:36:00,True,2026-04-20 06:34:41.702,2026-04-20 10:10:41.702,216.0,3.6,False,216.0,0.0,True,MAA → DEL,NONE
UK177,VISTARA,DEL,HYD,2026-04-20 06:21:41.703,2026-04-20 10:50:41.703,04:29:00,True,2026-04-20 06:21:41.703,2026-04-20 10:50:41.703,269.0,4.48,False,269.0,0.0,True,DEL → HYD,NONE
AI128,UNKNOWN,BOM,CCU,2026-04-20 06:07:41.702,2026-04-20 10:03:41.702,03:56:00,True,2026-04-20 06:07:41.702,2026-04-20 10:03:41.702,236.0,3.93,False,236.0,0.0,True,BOM → CCU,NONE
AI158,AIR INDIA,CCU,DEL,2026-04-20 06:04:41.703,2026-04-20 09:01:41.703,02:57:00,True,2026-04-20 06:04:41.703,2026-04-20 09:01:41.703,177.0,2.95,False,177.0,0.0,True,CCU → DEL,NONE
UK206,VISTARA,MAA,BLR,2026-04-20 06:01:41.703,2026-04-20 10:34:41.703,04:33:00,True,2026-04-20 06:01:41.703,2026-04-20 10:34:41.703,273.0,4.55,False,273.0,0.0,True,MAA → BLR,NONE
SJ138,UNKNOWN,BLR,BOM,2026-04-20 05:55:41.702,2026-04-20 06:43:41.702,00:48:00,True,2026-04-20 05:55:41.702,2026-04-20 06:43:41.702,48.0,0.8,False,48.0,0.0,True,BLR → BOM,NONE
AI034,AIR INDIA,DEL,BOM,2026-04-20 05:48:41.701,2026-04-20 10:31:41.701,04:43:00,True,2026-04-20 05:48:41.701,2026-04-20 10:31:41.701,283.0,4.72,False,283.0,0.0,True,DEL → BOM,NONE
AI012,AIR INDIA,BOM,CCU,2026-04-20 05:44:41.701,2026-04-20 09:47:41.701,04:03:00,True,2026-04-20 05:44:41.701,2026-04-20 09:47:41.701,243.0,4.05,False,243.0,0.0,True,BOM → CCU,NONE
6F083,INDIGO,BLR,DEL,2026-04-20 05:24:41.702,2026-04-20 06:03:41.702,00:39:00,False,2026-04-20 05:24:41.702,2026-04-20 06:03:41.702,39.0,0.65,False,39.0,0.0,True,BLR → DEL,INVALID_FLIGHT_ID
SJ083,SPICEJET,MAA,BLR,2026-04-20 05:13:41.702,2026-04-20 08:17:41.702,03:04:00,True,2026-04-20 05:13:41.702,2026-04-20 08:17:41.702,184.0,3.07,False,184.0,0.0,True,MAA → BLR,NONE
SJ186,SPICEJET,CCU,DEL,2026-04-20 05:11:41.703,2026-04-20 07:22:41.703,02:11:00,True,2026-04-20 05:11:41.703,2026-04-20 07:22:41.703,131.0,2.18,False,131.0,0.0,True,CCU → DEL,NONE
UK001,VISTARA,CCU,DEL,2026-04-20 05:06:41.700,2026-04-20 06:31:41.700,01:25:00,True,2026-04-20 05:06:41.700,2026-04-20 06:31:41.700,85.0,1.42,False,85.0,0.0,True,CCU → DEL,NONE
AI217,AIR INDIA,CCU,BLR,2026-04-20 04:57:41.703,2026-04-20 07:14:41.703,02:17:00,True,2026-04-20 04:57:41.703,2026-04-20 07:14:41.703,137.0,2.28,False,137.0,0.0,True,CCU → BLR,NONE
6F178,INDIGO,BOM,CCU,2026-04-20 04:48:41.703,2026-04-20 09:11:41.703,04:23:00,False,2026-04-20 04:48:41.703,2026-04-20 09:11:41.703,263.0,4.38,False,263.0,0.0,True,BOM → CCU,INVALID_FLIGHT_ID
UK015,VISTARA,BLR,BOM,2026-04-20 04:46:41.701,2026-04-20 06:33:41.701,01:47:00,True,2026-04-20 04:46:41.701,2026-04-20 06:33:41.701,107.0,1.78,False,107.0,0.0,True,BLR → BOM,NONE
AI112,AIR INDIA,DEL,BLR,2026-04-20 04:41:41.702,2026-04-20 08:24:41.702,03:43:00,True,2026-04-20 04:41:41.702,2026-04-20 08:24:41.702,223.0,3.72,False,223.0,0.0,True,DEL → BLR,NONE
UK100,VISTARA,CCU,BLR,2026-04-20 04:40:41.702,2026-04-20 07:12:41.702,02:32:00,True,2026-04-20 04:40:41.702,2026-04-20 07:12:41.702,152.0,2.53,False,152.0,0.0,True,CCU → BLR,NONE
6F133,INDIGO,MAA,BLR,2026-04-20 04:38:41.702,2026-04-20 06:25:41.702,01:47:00,False,2026-04-20 04:38:41.702,2026-04-20 06:25:41.702,107.0,1.78,False,107.0,0.0,True,MAA → BLR,INVALID_FLIGHT_ID
AI227,AIR INDIA,BLR,MAA,2026-04-20 04:31:41.703,2026-04-20 08:17:41.703,03:46:00,True,2026-04-20 04:31:41.703,2026-04-20 08:17:41.703,226.0,3.77,False,226.0,0.0,True,BLR → MAA,NONE
UK093,VISTARA,HYD,CCU,2026-04-20 04:31:41.702,2026-04-20 05:21:41.702,00:50:00,True,2026-04-20 04:31:41.702,2026-04-20 05:21:41.702,50.0,0.83,False,50.0,0.0,True,HYD → CCU,NONE
UK203,VISTARA,BLR,HYD,2026-04-20 04:12:41.703,2026-04-20 05:24:41.703,01:12:00,True,2026-04-20 04:12:41.703,2026-04-20 05:24:41.703,72.0,1.2,False,72.0,0.0,True,BLR → HYD,NONE
UK154,VISTARA,MAA,HYD,2026-04-20 04:00:41.703,2026-04-20 07:57:41.703,03:57:00,True,2026-04-20 04:00:41.703,2026-04-20 07:57:41.703,237.0,3.95,False,237.0,0.0,True,MAA → HYD,NONE
UK073,VISTARA,BLR,CCU,2026-04-20 03:59:41.702,2026-04-20 08:09:41.702,04:10:00,True,2026-04-20 03:59:41.702,2026-04-20 08:09:41.702,250.0,4.17,False,250.0,0.0,True,BLR → CCU,NONE
AI164,AIR INDIA,DEL,BLR,2026-04-20 03:57:41.703,2026-04-20 05:45:41.703,01:48:00,True,2026-04-20 03:57:41.703,2026-04-20 05:45:41.703,108.0,1.8,False,108.0,0.0,True,DEL → BLR,NONE
UK008,VISTARA,CCU,BLR,2026-04-20 03:57:41.701,2026-04-20 04:34:41.701,00:37:00,True,2026-04-20 03:57:41.701,2026-04-20 04:34:41.701,37.0,0.62,False,37.0,0.0,True,CCU → BLR,NONE
UK051,VISTARA,HYD,DEL,2026-04-20 03:55:41.701,2026-04-20 06:55:41.701,03:00:00,True,2026-04-20 03:55:41.701,2026-04-20 06:55:41.701,180.0,3.0,False,180.0,0.0,True,HYD → DEL,NONE
UK208,VISTARA,DEL,CCU,2026-04-20 03:54:41.704,2026-04-20 08:51:41.704,04:57:00,True,2026-04-20 03:54:41.704,2026-04-20 08:51:41.704,297.0,4.95,False,297.0,0.0,True,DEL → CCU,NONE
AI150,AIR INDIA,BOM,DEL,2026-04-20 03:51:41.703,2026-04-20 04:38:41.703,00:47:00,True,2026-04-20 03:51:41.703,2026-04-20 04:38:41.703,47.0,0.78,False,47.0,0.0,True,BOM → DEL,NONE
AI189,AIR INDIA,CCU,DEL,2026-04-20 03:44:41.703,2026-04-20 05:32:41.703,01:48:00,True,2026-04-20 03:44:41.703,2026-04-20 05:32:41.703,108.0,1.8,False,108.0,0.0,True,CCU → DEL,NONE
6F230,INDIGO,CCU,BLR,2026-04-20 03:34:41.704,2026-04-20 06:47:41.704,03:13:00,False,2026-04-20 03:34:41.704,2026-04-20 06:47:41.704,193.0,3.22,False,193.0,0.0,True,CCU → BLR,INVALID_FLIGHT_ID
6F169,INDIGO,BOM,DEL,2026-04-20 03:27:41.703,2026-04-20 08:06:41.703,04:39:00,False,2026-04-20 03:27:41.703,2026-04-20 08:06:41.703,279.0,4.65,False,279.0,0.0,True,BOM → DEL,INVALID_FLIGHT_ID
AI205,AIR INDIA,BLR,BOM,2026-04-20 03:26:41.703,2026-04-20 05:14:41.703,01:48:00,True,2026-04-20 03:26:41.703,2026-04-20 05:14:41.703,108.0,1.8,False,108.0,0.0,True,BLR → BOM,NONE
AI103,AIR INDIA,BLR,BOM,2026-04-20 03:26:41.702,2026-04-20 04:04:41.702,00:38:00,True,2026-04-20 03:26:41.702,2026-04-20 04:04:41.702,38.0,0.63,False,38.0,0.0,True,BLR → BOM,NONE
6F250,UNKNOWN,DEL,BLR,2026-04-20 03:26:41.701,2026-04-20 07:30:41.701,04:04:00,False,2026-04-20 03:26:41.701,2026-04-20 07:30:41.701,244.0,4.07,False,244.0,0.0,True,DEL → BLR,INVALID_FLIGHT_ID
AI246,AIR INDIA,BOM,BLR,2026-04-20 03:22:41.704,2026-04-20 06:41:41.704,03:19:00,True,2026-04-20 03:22:41.704,2026-04-20 06:41:41.704,199.0,3.32,False,199.0,0.0,True,BOM → BLR,NONE
6F187,INDIGO,BOM,MAA,2026-04-20 03:19:41.703,2026-04-20 07:37:41.703,04:18:00,False,2026-04-20 03:19:41.703,2026-04-20 07:37:41.703,258.0,4.3,False,258.0,0.0,True,BOM → MAA,INVALID_FLIGHT_ID
AI082,AIR INDIA,DEL,CCU,2026-04-20 03:19:41.702,2026-04-20 06:01:41.702,02:42:00,True,2026-04-20 03:19:41.702,2026-04-20 06:01:41.702,162.0,2.7,False,162.0,0.0,True,DEL → CCU,NONE
UK116,VISTARA,CCU,BOM,2026-04-20 03:18:41.702,2026-04-20 07:06:41.702,03:48:00,True,2026-04-20 03:18:41.702,2026-04-20 07:06:41.702,228.0,3.8,False,228.0,0.0,True,CCU → BOM,NONE
SJ169,SPICEJET,BOM,MAA,2026-04-20 03:10:41.703,2026-04-20 07:56:41.703,04:46:00,True,2026-04-20 03:10:41.703,2026-04-20 07:56:41.703,286.0,4.77,False,286.0,0.0,True,BOM → MAA,NONE
AI175,AIR INDIA,BOM,HYD,2026-04-20 03:08:41.703,2026-04-20 06:55:41.703,03:47:00,True,2026-04-20 03:08:41.703,2026-04-20 06:55:41.703,227.0,3.78,False,227.0,0.0,True,BOM → HYD,NONE
SJ098,SPICEJET,HYD,MAA,2026-04-20 03:02:41.702,2026-04-20 03:37:41.702,00:35:00,True,2026-04-20 03:02:41.702,2026-04-20 03:37:41.702,35.0,0.58,False,35.0,0.0,True,HYD → MAA,NONE
SJ191,SPICEJET,BLR,BOM,2026-04-20 03:01:41.703,2026-04-20 04:23:41.703,01:22:00,True,2026-04-20 03:01:41.703,2026-04-20 04:23:41.703,82.0,1.37,False,82.0,0.0,True,BLR → BOM,NONE
SJ017,SPICEJET,DEL,MAA,2026-04-20 02:57:41.701,2026-04-20 05:00:41.701,02:03:00,True,2026-04-20 02:57:41.701,2026-04-20 05:00:41.701,123.0,2.05,False,123.0,0.0,True,DEL → MAA,NONE
UK188,VISTARA,MAA,BLR,2026-04-20 02:55:41.703,2026-04-20 03:44:41.703,00:49:00,True,2026-04-20 02:55:41.703,2026-04-20 03:44:41.703,49.0,0.82,False,49.0,0.0,True,MAA → BLR,NONE
AI196,AIR INDIA,MAA,HYD,2026-04-20 02:52:41.703,2026-04-20 04:25:41.703,01:33:00,True,2026-04-20 02:52:41.703,2026-04-20 04:25:41.703,93.0,1.55,False,93.0,0.0,True,MAA → HYD,NONE
AI068,AIR INDIA,BOM,BLR,2026-04-20 02:48:41.702,2026-04-20 04:48:42.000,02:00:00.298000,True,2026-04-20 02:48:41.702,2026-04-20 04:48:42.000,120.00496666666666,2.0,False,120.00496666666666,0.0,True,BOM → BLR,NONE
SJ097,SPICEJET,BOM,CCU,2026-04-20 02:37:41.702,2026-04-20 05:27:41.702,02:50:00,True,2026-04-20 02:37:41.702,2026-04-20 05:27:41.702,170.0,2.83,False,170.0,0.0,True,BOM → CCU,NONE
SJ030,SPICEJET,DEL,HYD,2026-04-20 02:36:41.701,2026-04-20 03:19:41.701,00:43:00,True,2026-04-20 02:36:41.701,2026-04-20 03:19:41.701,43.0,0.72,False,43.0,0.0,True,DEL → HYD,NONE
6F179,INDIGO,HYD,MAA,2026-04-20 02:25:41.703,2026-04-20 06:40:41.703,04:15:00,False,2026-04-20 02:25:41.703,2026-04-20 06:40:41.703,255.0,4.25,False,255.0,0.0,True,HYD → MAA,INVALID_FLIGHT_ID
6F156,INDIGO,MAA,BOM,2026-04-20 02:23:41.703,2026-04-20 04:57:41.703,02:34:00,False,2026-04-20 02:23:41.703,2026-04-20 04:57:41.703,154.0,2.57,False,154.0,0.0,True,MAA → BOM,INVALID_FLIGHT_ID
6F250,UNKNOWN,CCU,BLR,2026-04-20 02:23:41.702,2026-04-20 02:56:41.702,00:33:00,False,2026-04-20 02:23:41.702,2026-04-20 02:56:41.702,33.0,0.55,False,33.0,0.0,True,CCU → BLR,INVALID_FLIGHT_ID
SJ057,SPICEJET,BOM,CCU,2026-04-20 02:17:41.701,2026-04-20 05:29:41.701,03:12:00,True,2026-04-20 02:17:41.701,2026-04-20 05:29:41.701,192.0,3.2,False,192.0,0.0,True,BOM → CCU,NONE
6F036,INDIGO,CCU,BLR,2026-04-20 02:14:41.701,2026-04-20 06:57:41.701,04:43:00,False,2026-04-20 02:14:41.701,2026-04-20 06:57:41.701,283.0,4.72,False,283.0,0.0,True,CCU → BLR,INVALID_FLIGHT_ID
6F201,INDIGO,CCU,BOM,2026-04-20 02:09:41.703,2026-04-20 06:49:41.703,04:40:00,False,2026-04-20 02:09:41.703,2026-04-20 06:49:41.703,280.0,4.67,False,280.0,0.0,True,CCU → BOM,INVALID_FLIGHT_ID
6F143,INDIGO,CCU,DEL,2026-04-20 02:09:41.702,2026-04-20 06:08:41.702,03:59:00,False,2026-04-20 02:09:41.702,2026-04-20 06:08:41.702,239.0,3.98,False,239.0,0.0,True,CCU → DEL,INVALID_FLIGHT_ID
6F177,INDIGO,HYD,MAA,2026-04-20 02:03:41.703,2026-04-20 04:25:41.703,02:22:00,False,2026-04-20 02:03:41.703,2026-04-20 04:25:41.703,142.0,2.37,False,142.0,0.0,True,HYD → MAA,INVALID_FLIGHT_ID
6F031,INDIGO,BOM,BLR,2026-04-20 02:00:41.701,2026-04-20 06:37:41.701,04:37:00,False,2026-04-20 02:00:41.701,2026-04-20 06:37:41.701,277.0,4.62,False,277.0,0.0,True,BOM → BLR,INVALID_FLIGHT_ID
UK165,VISTARA,DEL,BLR,2026-04-20 01:51:41.703,2026-04-20 06:04:41.703,04:13:00,True,2026-04-20 01:51:41.703,2026-04-20 06:04:41.703,253.0,4.22,False,253.0,0.0,True,DEL → BLR,NONE
6F122,INDIGO,DEL,BLR,2026-04-20 01:44:41.702,2026-04-20 05:28:41.702,03:44:00,False,2026-04-20 01:44:41.702,2026-04-20 05:28:41.702,224.0,3.73,False,224.0,0.0,True,DEL → BLR,INVALID_FLIGHT_ID
AI009,UNKNOWN,DEL,CCU,2026-04-20 01:31:41.701,2026-04-20 04:05:41.701,02:34:00,True,2026-04-20 01:31:41.701,2026-04-20 04:05:41.701,154.0,2.57,False,154.0,0.0,True,DEL → CCU,NONE
6F046,INDIGO,DEL,BLR,2026-04-20 01:27:41.701,2026-04-20 05:08:41.701,03:41:00,False,2026-04-20 01:27:41.701,2026-04-20 05:08:41.701,221.0,3.68,False,221.0,0.0,True,DEL → BLR,INVALID_FLIGHT_ID
AI051,AIR INDIA,MAA,BLR,2026-04-20 01:27:41.701,2026-04-20 02:22:41.701,00:55:00,True,2026-04-20 01:27:41.701,2026-04-20 02:22:41.701,55.0,0.92,False,55.0,0.0,True,MAA → BLR,NONE
UK222,VISTARA,BOM,CCU,2026-04-20 01:22:41.704,2026-04-20 02:57:41.704,01:35:00,True,2026-04-20 01:22:41.704,2026-04-20 02:57:41.704,95.0,1.58,False,95.0,0.0,True,BOM → CCU,NONE
SJ127,SPICEJET,BOM,DEL,2026-04-20 01:21:41.702,2026-04-20 03:58:41.702,02:37:00,True,2026-04-20 01:21:41.702,2026-04-20 03:58:41.702,157.0,2.62,False,157.0,0.0,True,BOM → DEL,NONE
AI226,UNKNOWN,BLR,HYD,2026-04-20 01:19:41.703,2026-04-20 04:08:41.703,02:49:00,True,2026-04-20 01:19:41.703,2026-04-20 04:08:41.703,169.0,2.82,False,169.0,0.0,True,BLR → HYD,NONE
AI216,AIR INDIA,BOM,CCU,2026-04-20 01:10:41.703,2026-04-20 02:34:41.703,01:24:00,True,2026-04-20 01:10:41.703,2026-04-20 02:34:41.703,84.0,1.4,False,84.0,0.0,True,BOM → CCU,NONE
6F058,INDIGO,BOM,CCU,2026-04-20 01:04:41.701,2026-04-20 03:33:41.701,02:29:00,False,2026-04-20 01:04:41.701,2026-04-20 03:33:41.701,149.0,2.48,False,149.0,0.0,True,BOM → CCU,INVALID_FLIGHT_ID
SJ207,SPICEJET,DEL,CCU,2026-04-20 00:52:41.703,2026-04-20 04:05:41.703,03:13:00,True,2026-04-20 00:52:41.703,2026-04-20 04:05:41.703,193.0,3.22,False,193.0,0.0,True,DEL → CCU,NONE
SJ198,SPICEJET,CCU,BOM,2026-04-20 00:47:41.703,2026-04-20 05:28:41.703,04:41:00,True,2026-04-20 00:47:41.703,2026-04-20 05:28:41.703,281.0,4.68,False,281.0,0.0,True,CCU → BOM,NONE
SJ108,SPICEJET,BLR,HYD,2026-04-20 00:40:41.702,2026-04-20 03:16:41.702,02:36:00,True,2026-04-20 00:40:41.702,2026-04-20 03:16:41.702,156.0,2.6,False,156.0,0.0,True,BLR → HYD,NONE
SJ155,SPICEJET,DEL,CCU,2026-04-20 00:38:41.702,2026-04-20 05:38:41.702,05:00:00,True,2026-04-20 00:38:41.702,2026-04-20 05:38:41.702,300.0,5.0,False,300.0,0.0,True,DEL → CCU,NONE
6F193,INDIGO,BOM,MAA,2026-04-20 00:34:41.703,2026-04-20 02:32:41.703,01:58:00,False,2026-04-20 00:34:41.703,2026-04-20 02:32:41.703,118.0,1.97,False,118.0,0.0,True,BOM → MAA,INVALID_FLIGHT_ID
6F019,INDIGO,BLR,BOM,2026-04-20 00:19:41.701,2026-04-20 04:14:41.701,03:55:00,False,2026-04-20 00:19:41.701,2026-04-20 04:14:41.701,235.0,3.92,False,235.0,0.0,True,BLR → BOM,INVALID_FLIGHT_ID
AI102,AIR INDIA,CCU,BLR,2026-04-20 00:17:41.702,2026-04-20 05:08:41.702,04:51:00,True,2026-04-20 00:17:41.702,2026-04-20 05:08:41.702,291.0,4.85,False,291.0,0.0,True,CCU → BLR,NONE
6F166,INDIGO,BOM,CCU,2026-04-20 00:03:41.703,2026-04-20 04:33:41.703,04:30:00,False,2026-04-20 00:03:41.703,2026-04-20 04:33:41.703,270.0,4.5,False,270.0,0.0,True,BOM → CCU,INVALID_FLIGHT_ID
UK175,VISTARA,BLR,BOM,2026-04-19 23:56:41.703,2026-04-20 03:18:41.703,03:22:00,True,2026-04-19 23:56:41.703,2026-04-20 03:18:41.703,202.0,3.37,True,202.0,0.0,True,BLR → BOM,NONE
6F010,INDIGO,DEL,BLR,2026-04-19 23:53:41.701,2026-04-20 03:44:41.701,03:51:00,False,2026-04-19 23:53:41.701,2026-04-20 03:44:41.701,231.0,3.85,True,231.0,0.0,True,DEL → BLR,INVALID_FLIGHT_ID
AI234,AIR INDIA,BOM,MAA,2026-04-19 23:50:41.704,2026-04-20 01:34:41.704,01:44:00,True,2026-04-19 23:50:41.704,2026-04-20 01:34:41.704,104.0,1.73,True,104.0,0.0,True,BOM → MAA,NONE
UK135,VISTARA,HYD,DEL,2026-04-19 23:50:41.702,2026-04-20 01:43:41.702,01:53:00,True,2026-04-19 23:50:41.702,2026-04-20 01:43:41.702,113.0,1.88,True,113.0,0.0,True,HYD → DEL,NONE
6F272,UNKNOWN,HYD,MAA,2026-04-19 23:35:41.702,2026-04-20 00:22:41.702,00:47:00,False,2026-04-19 23:35:41.702,2026-04-20 00:22:41.702,47.0,0.78,True,47.0,0.0,True,HYD → MAA,INVALID_FLIGHT_ID
AI061,AIR INDIA,BOM,CCU,2026-04-19 23:31:41.701,2026-04-20 01:02:41.701,01:31:00,True,2026-04-19 23:31:41.701,2026-04-20 01:02:41.701,91.0,1.52,True,91.0,0.0,True,BOM → CCU,NONE
6F070,INDIGO,HYD,DEL,2026-04-19 23:23:41.701,2026-04-20 02:24:41.701,03:01:00,False,2026-04-19 23:23:41.701,2026-04-20 02:24:41.701,181.0,3.02,True,181.0,0.0,True,HYD → DEL,INVALID_FLIGHT_ID
AI015,AIR INDIA,BLR,CCU,2026-04-19 23:21:41.701,2026-04-20 01:15:41.701,01:54:00,True,2026-04-19 23:21:41.701,2026-04-20 01:15:41.701,114.0,1.9,True,114.0,0.0,True,BLR → CCU,NONE
SJ076,SPICEJET,DEL,MAA,2026-04-19 23:01:41.701,2026-04-20 02:02:41.701,03:01:00,True,2026-04-19 23:01:41.701,2026-04-20 02:02:41.701,181.0,3.02,True,181.0,0.0,True,DEL → MAA,NONE
SJ029,UNKNOWN,HYD,DEL,2026-04-19 22:55:41.701,2026-04-20 00:22:41.701,01:27:00,True,2026-04-19 22:55:41.701,2026-04-20 00:22:41.701,87.0,1.45,True,87.0,0.0,True,HYD → DEL,NONE
SJ194,SPICEJET,CCU,DEL,2026-04-19 22:46:41.703,2026-04-20 02:31:41.703,03:45:00,True,2026-04-19 22:46:41.703,2026-04-20 02:31:41.703,225.0,3.75,True,225.0,0.0,True,CCU → DEL,NONE
AI235,AIR INDIA,BLR,HYD,2026-04-19 22:45:41.704,2026-04-20 02:12:41.704,03:27:00,True,2026-04-19 22:45:41.704,2026-04-20 02:12:41.704,207.0,3.45,True,207.0,0.0,True,BLR → HYD,NONE
SJ048,SPICEJET,MAA,BLR,2026-04-19 22:43:41.701,2026-04-20 00:19:41.701,01:36:00,True,2026-04-19 22:43:41.701,2026-04-20 00:19:41.701,96.0,1.6,True,96.0,0.0,True,MAA → BLR,NONE
SJ114,SPICEJET,HYD,DEL,2026-04-19 22:42:41.702,2026-04-20 02:02:41.702,03:20:00,True,2026-04-19 22:42:41.702,2026-04-20 02:02:41.702,200.0,3.33,True,200.0,0.0,True,HYD → DEL,NONE
SJ146,SPICEJET,HYD,BLR,2026-04-19 22:37:41.702,2026-04-20 00:33:41.702,01:56:00,True,2026-04-19 22:37:41.702,2026-04-20 00:33:41.702,116.0,1.93,True,116.0,0.0,True,HYD → BLR,NONE
UK041,VISTARA,HYD,MAA,2026-04-19 22:37:41.701,2026-04-19 23:44:41.701,01:07:00,True,2026-04-19 22:37:41.701,2026-04-19 23:44:41.701,67.0,1.12,False,67.0,0.0,True,HYD → MAA,NONE
6F075,INDIGO,BOM,CCU,2026-04-19 22:20:41.702,2026-04-20 03:02:41.702,04:42:00,False,2026-04-19 22:20:41.702,2026-04-20 03:02:41.702,282.0,4.7,True,282.0,0.0,True,BOM → CCU,INVALID_FLIGHT_ID
SJ020,SPICEJET,BLR,BOM,2026-04-19 22:18:41.701,2026-04-20 02:27:41.701,04:09:00,True,2026-04-19 22:18:41.701,2026-04-20 02:27:41.701,249.0,4.15,True,249.0,0.0,True,BLR → BOM,NONE
SJ099,UNKNOWN,MAA,BLR,2026-04-19 22:14:41.702,2026-04-20 00:34:41.702,02:20:00,True,2026-04-19 22:14:41.702,2026-04-20 00:34:41.702,140.0,2.33,True,140.0,0.0,True,MAA → BLR,NONE
6F078,INDIGO,BOM,CCU,2026-04-19 22:04:41.702,2026-04-19 23:37:41.702,01:33:00,False,2026-04-19 22:04:41.702,2026-04-19 23:37:41.702,93.0,1.55,False,93.0,0.0,True,BOM → CCU,INVALID_FLIGHT_ID
UK219,VISTARA,BOM,HYD,2026-04-19 22:03:41.704,2026-04-20 02:21:41.704,04:18:00,True,2026-04-19 22:03:41.704,2026-04-20 02:21:41.704,258.0,4.3,True,258.0,0.0,True,BOM → HYD,NONE
UK223,VISTARA,CCU,DEL,2026-04-19 21:58:41.704,2026-04-19 22:30:41.704,00:32:00,True,2026-04-19 21:58:41.704,2026-04-19 22:30:41.704,32.0,0.53,False,32.0,0.0,True,CCU → DEL,NONE
UK227,VISTARA,BOM,HYD,2026-04-19 21:57:41.704,2026-04-20 01:47:41.704,03:50:00,True,2026-04-19 21:57:41.704,2026-04-20 01:47:41.704,230.0,3.83,True,230.0,0.0,True,BOM → HYD,NONE
6F260,UNKNOWN,CCU,DEL,2026-04-19 21:51:41.702,2026-04-20 01:14:41.702,03:23:00,False,2026-04-19 21:51:41.702,2026-04-20 01:14:41.702,203.0,3.38,True,203.0,0.0,True,CCU → DEL,INVALID_FLIGHT_ID
AI096,AIR INDIA,CCU,DEL,2026-04-19 21:48:41.702,2026-04-20 02:46:41.702,04:58:00,True,2026-04-19 21:48:41.702,2026-04-20 02:46:41.702,298.0,4.97,True,298.0,0.0,True,CCU → DEL,NONE
6F022,INDIGO,MAA,BLR,2026-04-19 21:46:41.701,2026-04-20 02:05:41.701,04:19:00,False,2026-04-19 21:46:41.701,2026-04-20 02:05:41.701,259.0,4.32,True,259.0,0.0,True,MAA → BLR,INVALID_FLIGHT_ID
6F237,INDIGO,HYD,MAA,2026-04-19 21:41:41.704,2026-04-20 00:44:41.704,03:03:00,False,2026-04-19 21:41:41.704,2026-04-20 00:44:41.704,183.0,3.05,True,183.0,0.0,True,HYD → MAA,INVALID_FLIGHT_ID
UK146,VISTARA,BOM,MAA,2026-04-19 21:40:41.703,2026-04-20 00:08:41.703,02:28:00,True,2026-04-19 21:40:41.703,2026-04-20 00:08:41.703,148.0,2.47,True,148.0,0.0,True,BOM → MAA,NONE
SJ015,SPICEJET,BOM,CCU,2026-04-19 21:40:41.701,2026-04-19 22:52:41.701,01:12:00,True,2026-04-19 21:40:41.701,2026-04-19 22:52:41.701,72.0,1.2,False,72.0,0.0,True,BOM → CCU,NONE
AI108,AIR INDIA,BLR,CCU,2026-04-19 21:32:41.702,2026-04-20 00:17:41.702,02:45:00,True,2026-04-19 21:32:41.702,2026-04-20 00:17:41.702,165.0,2.75,True,165.0,0.0,True,BLR → CCU,NONE
UK020,VISTARA,MAA,BLR,2026-04-19 21:23:41.701,2026-04-19 22:38:41.701,01:15:00,True,2026-04-19 21:23:41.701,2026-04-19 22:38:41.701,75.0,1.25,False,75.0,0.0,True,MAA → BLR,NONE
6F113,INDIGO,BOM,CCU,2026-04-19 21:04:41.702,2026-04-20 01:30:41.702,04:26:00,False,2026-04-19 21:04:41.702,2026-04-20 01:30:41.702,266.0,4.43,True,266.0,0.0,True,BOM → CCU,INVALID_FLIGHT_ID
6F112,INDIGO,HYD,DEL,2026-04-19 21:00:41.702,2026-04-19 23:16:41.702,02:16:00,False,2026-04-19 21:00:41.702,2026-04-19 23:16:41.702,136.0,2.27,False,136.0,0.0,True,HYD → DEL,INVALID_FLIGHT_ID
6F246,INDIGO,HYD,DEL,2026-04-19 21:00:41.702,2026-04-19 23:16:41.702,02:16:00,False,2026-04-19 21:00:41.702,2026-04-19 23:16:41.702,136.0,2.27,False,136.0,0.0,True,HYD → DEL,INVALID_FLIGHT_ID
UK158,VISTARA,BOM,MAA,2026-04-19 20:49:41.703,2026-04-19 21:22:41.703,00:33:00,True,2026-04-19 20:49:41.703,2026-04-19 21:22:41.703,33.0,0.55,False,33.0,0.0,True,BOM → MAA,NONE
UK159,VISTARA,CCU,BLR,2026-04-19 20:45:41.703,2026-04-19 23:32:41.703,02:47:00,True,2026-04-19 20:45:41.703,2026-04-19 23:32:41.703,167.0,2.78,False,167.0,0.0,True,CCU → BLR,NONE
UK084,VISTARA,MAA,DEL,2026-04-19 20:44:41.702,2026-04-20 00:20:41.702,03:36:00,True,2026-04-19 20:44:41.702,2026-04-20 00:20:41.702,216.0,3.6,True,216.0,0.0,True,MAA → DEL,NONE
SJ206,SPICEJET,DEL,CCU,2026-04-19 20:43:41.703,2026-04-20 01:21:41.703,04:38:00,True,2026-04-19 20:43:41.703,2026-04-20 01:21:41.703,278.0,4.63,True,278.0,0.0,True,DEL → CCU,NONE
UK044,VISTARA,BLR,BOM,2026-04-19 20:31:41.701,2026-04-19 23:29:41.701,02:58:00,True,2026-04-19 20:31:41.701,2026-04-19 23:29:41.701,178.0,2.97,False,178.0,0.0,True,BLR → BOM,NONE
SJ036,SPICEJET,DEL,HYD,2026-04-19 20:24:41.701,2026-04-19 23:54:41.701,03:30:00,True,2026-04-19 20:24:41.701,2026-04-19 23:54:41.701,210.0,3.5,False,210.0,0.0,True,DEL → HYD,NONE
6F176,INDIGO,CCU,DEL,2026-04-19 20:23:42.000,2026-04-19 23:23:42.000,03:00:00,False,2026-04-19 20:23:42.000,2026-04-19 23:23:42.000,180.0,3.0,False,180.0,0.0,True,CCU → DEL,INVALID_FLIGHT_ID
6F148,INDIGO,CCU,BOM,2026-04-19 20:23:41.703,2026-04-19 22:30:41.703,02:07:00,False,2026-04-19 20:23:41.703,2026-04-19 22:30:41.703,127.0,2.12,False,127.0,0.0,True,CCU → BOM,INVALID_FLIGHT_ID
6F202,INDIGO,HYD,BLR,2026-04-19 20:18:41.703,2026-04-19 23:48:41.703,03:30:00,False,2026-04-19 20:18:41.703,2026-04-19 23:48:41.703,210.0,3.5,False,210.0,0.0,True,HYD → BLR,INVALID_FLIGHT_ID
6F071,INDIGO,DEL,CCU,2026-04-19 20:18:41.702,2026-04-20 00:31:41.702,04:13:00,False,2026-04-19 20:18:41.702,2026-04-20 00:31:41.702,253.0,4.22,True,253.0,0.0,True,DEL → CCU,INVALID_FLIGHT_ID
AI105,AIR INDIA,CCU,DEL,2026-04-19 20:16:41.702,2026-04-19 22:03:41.702,01:47:00,True,2026-04-19 20:16:41.702,2026-04-19 22:03:41.702,107.0,1.78,False,107.0,0.0,True,CCU → DEL,NONE
AI241,AIR INDIA,HYD,BLR,2026-04-19 20:11:41.704,2026-04-19 22:18:41.704,02:07:00,True,2026-04-19 20:11:41.704,2026-04-19 22:18:41.704,127.0,2.12,False,127.0,0.0,True,HYD → BLR,NONE
SJ162,SPICEJET,DEL,HYD,2026-04-19 20:11:41.703,2026-04-19 22:30:41.703,02:19:00,True,2026-04-19 20:11:41.703,2026-04-19 22:30:41.703,139.0,2.32,False,139.0,0.0,True,DEL → HYD,NONE
6F003,INDIGO,HYD,BOM,2026-04-19 20:06:41.700,2026-04-19 23:13:41.700,03:07:00,False,2026-04-19 20:06:41.700,2026-04-19 23:13:41.700,187.0,3.12,False,187.0,0.0,True,HYD → BOM,INVALID_FLIGHT_ID
6F249,INDIGO,HYD,BOM,2026-04-19 20:06:41.700,2026-04-19 23:13:41.700,03:07:00,False,2026-04-19 20:06:41.700,2026-04-19 23:13:41.700,187.0,3.12,False,187.0,0.0,True,HYD → BOM,INVALID_FLIGHT_ID
AI237,AIR INDIA,BOM,CCU,2026-04-19 19:58:41.704,2026-04-19 23:13:41.704,03:15:00,True,2026-04-19 19:58:41.704,2026-04-19 23:13:41.704,195.0,3.25,False,195.0,0.0,True,BOM → CCU,NONE
SJ134,SPICEJET,BOM,CCU,2026-04-19 19:58:41.702,2026-04-20 00:15:41.702,04:17:00,True,2026-04-19 19:58:41.702,2026-04-20 00:15:41.702,257.0,4.28,True,257.0,0.0,True,BOM → CCU,NONE
AI071,AIR INDIA,BOM,MAA,2026-04-19 19:55:41.702,2026-04-19 22:58:41.702,03:03:00,True,2026-04-19 19:55:41.702,2026-04-19 22:58:41.702,183.0,3.05,False,183.0,0.0,True,BOM → MAA,NONE
6F118,INDIGO,CCU,HYD,2026-04-19 19:52:41.702,2026-04-19 21:01:41.702,01:09:00,False,2026-04-19 19:52:41.702,2026-04-19 21:01:41.702,69.0,1.15,False,69.0,0.0,True,CCU → HYD,INVALID_FLIGHT_ID
6F014,INDIGO,DEL,MAA,2026-04-19 19:42:41.701,2026-04-19 23:15:41.701,03:33:00,False,2026-04-19 19:42:41.701,2026-04-19 23:15:41.701,213.0,3.55,False,213.0,0.0,True,DEL → MAA,INVALID_FLIGHT_ID
6F065,INDIGO,MAA,BLR,2026-04-19 19:40:41.701,2026-04-19 22:23:41.701,02:43:00,False,2026-04-19 19:40:41.701,2026-04-19 22:23:41.701,163.0,2.72,False,163.0,0.0,True,MAA → BLR,INVALID_FLIGHT_ID
6F271,UNKNOWN,HYD,MAA,2026-04-19 19:33:41.702,2026-04-19 22:52:41.702,03:19:00,False,2026-04-19 19:33:41.702,2026-04-19 22:52:41.702,199.0,3.32,False,199.0,0.0,True,HYD → MAA,INVALID_FLIGHT_ID
SJ070,SPICEJET,MAA,CCU,2026-04-19 18:55:41.701,2026-04-19 20:48:41.701,01:53:00,True,2026-04-19 18:55:41.701,2026-04-19 20:48:41.701,113.0,1.88,False,113.0,0.0,True,MAA → CCU,NONE
6F007,INDIGO,HYD,MAA,2026-04-19 18:55:41.701,2026-04-19 19:54:41.701,00:59:00,False,2026-04-19 18:55:41.701,2026-04-19 19:54:41.701,59.0,0.98,False,59.0,0.0,True,HYD → MAA,INVALID_FLIGHT_ID
UK007,VISTARA,DEL,HYD,2026-04-19 18:50:41.701,2026-04-19 21:04:41.701,02:14:00,True,2026-04-19 18:50:41.701,2026-04-19 21:04:41.701,134.0,2.23,False,134.0,0.0,True,DEL → HYD,NONE
AI097,AIR INDIA,HYD,MAA,2026-04-19 18:42:41.702,2026-04-19 23:34:41.702,04:52:00,True,2026-04-19 18:42:41.702,2026-04-19 23:34:41.702,292.0,4.87,False,292.0,0.0,True,HYD → MAA,NONE
6F256,UNKNOWN,BOM,CCU,2026-04-19 18:40:41.702,2026-04-19 19:13:41.702,00:33:00,False,2026-04-19 18:40:41.702,2026-04-19 19:13:41.702,33.0,0.55,False,33.0,0.0,True,BOM → CCU,INVALID_FLIGHT_ID
UK047,VISTARA,BLR,HYD,2026-04-19 18:40:41.701,2026-04-19 22:45:41.701,04:05:00,True,2026-04-19 18:40:41.701,2026-04-19 22:45:41.701,245.0,4.08,False,245.0,0.0,True,BLR → HYD,NONE
AI024,AIR INDIA,MAA,BOM,2026-04-19 18:38:41.701,2026-04-19 19:45:41.701,01:07:00,True,2026-04-19 18:38:41.701,2026-04-19 19:45:41.701,67.0,1.12,False,67.0,0.0,True,MAA → BOM,NONE
UK113,VISTARA,CCU,DEL,2026-04-19 18:34:41.702,2026-04-19 22:58:41.702,04:24:00,True,2026-04-19 18:34:41.702,2026-04-19 22:58:41.702,264.0,4.4,False,264.0,0.0,True,CCU → DEL,NONE
SJ163,SPICEJET,DEL,HYD,2026-04-19 18:32:41.703,2026-04-19 23:08:41.703,04:36:00,True,2026-04-19 18:32:41.703,2026-04-19 23:08:41.703,276.0,4.6,False,276.0,0.0,True,DEL → HYD,NONE
SJ208,SPICEJET,DEL,HYD,2026-04-19 18:32:41.703,2026-04-19 19:33:41.703,01:01:00,True,2026-04-19 18:32:41.703,2026-04-19 19:33:41.703,61.0,1.02,False,61.0,0.0,True,DEL → HYD,NONE
SJ221,SPICEJET,MAA,HYD,2026-04-19 18:31:41.703,2026-04-19 23:17:41.703,04:46:00,True,2026-04-19 18:31:41.703,2026-04-19 23:17:41.703,286.0,4.77,False,286.0,0.0,True,MAA → HYD,NONE
SJ084,SPICEJET,HYD,MAA,2026-04-19 18:31:41.702,2026-04-19 19:30:41.702,00:59:00,True,2026-04-19 18:31:41.702,2026-04-19 19:30:41.702,59.0,0.98,False,59.0,0.0,True,HYD → MAA,NONE
6F127,INDIGO,HYD,BOM,2026-04-19 18:27:41.702,2026-04-19 22:28:41.702,04:01:00,False,2026-04-19 18:27:41.702,2026-04-19 22:28:41.702,241.0,4.02,False,241.0,0.0,True,HYD → BOM,INVALID_FLIGHT_ID
AI122,AIR INDIA,BOM,CCU,2026-04-19 18:25:41.702,2026-04-19 22:36:41.702,04:11:00,True,2026-04-19 18:25:41.702,2026-04-19 22:36:41.702,251.0,4.18,False,251.0,0.0,True,BOM → CCU,NONE
AI139,AIR INDIA,HYD,MAA,2026-04-19 18:23:41.702,2026-04-19 19:24:41.702,01:01:00,True,2026-04-19 18:23:41.702,2026-04-19 19:24:41.702,61.0,1.02,False,61.0,0.0,True,HYD → MAA,NONE
UK149,VISTARA,MAA,DEL,2026-04-19 18:22:41.703,2026-04-19 23:08:41.703,04:46:00,True,2026-04-19 18:22:41.703,2026-04-19 23:08:41.703,286.0,4.77,False,286.0,0.0,True,MAA → DEL,NONE
AI149,AIR INDIA,BOM,HYD,2026-04-19 18:19:41.703,2026-04-19 21:36:41.703,03:17:00,True,2026-04-19 18:19:41.703,2026-04-19 21:36:41.703,197.0,3.28,False,197.0,0.0,True,BOM → HYD,NONE
SJ243,SPICEJET,BLR,DEL,2026-04-19 18:17:41.704,2026-04-19 23:03:41.704,04:46:00,True,2026-04-19 18:17:41.704,2026-04-19 23:03:41.704,286.0,4.77,False,286.0,0.0,True,BLR → DEL,NONE
AI053,AIR INDIA,CCU,DEL,2026-04-19 18:04:41.701,2026-04-19 22:19:41.701,04:15:00,True,2026-04-19 18:04:41.701,2026-04-19 22:19:41.701,255.0,4.25,False,255.0,0.0,True,CCU → DEL,NONE
UK061,VISTARA,BLR,BOM,2026-04-19 17:58:41.701,2026-04-19 19:48:41.701,01:50:00,True,2026-04-19 17:58:41.701,2026-04-19 19:48:41.701,110.0,1.83,False,110.0,0.0,True,BLR → BOM,NONE
SJ004,SPICEJET,MAA,DEL,2026-04-19 17:52:41.701,2026-04-19 21:01:41.701,03:09:00,True,2026-04-19 17:52:41.701,2026-04-19 21:01:41.701,189.0,3.15,False,189.0,0.0,True,MAA → DEL,NONE
AI173,AIR INDIA,HYD,DEL,2026-04-19 17:36:41.703,2026-04-19 22:27:41.703,04:51:00,True,2026-04-19 17:36:41.703,2026-04-19 22:27:41.703,291.0,4.85,False,291.0,0.0,True,HYD → DEL,NONE
6F085,INDIGO,HYD,MAA,2026-04-19 17:32:41.702,2026-04-19 19:32:42.000,02:00:00.298000,False,2026-04-19 17:32:41.702,2026-04-19 19:32:42.000,120.00496666666666,2.0,False,120.00496666666666,0.0,True,HYD → MAA,INVALID_FLIGHT_ID
AI252,UNKNOWN,HYD,DEL,2026-04-19 17:30:41.704,2026-04-19 21:54:41.704,04:24:00,True,2026-04-19 17:30:41.704,2026-04-19 21:54:41.704,264.0,4.4,False,264.0,0.0,True,HYD → DEL,NONE
SJ109,SPICEJET,BOM,DEL,2026-04-19 17:24:41.702,2026-04-19 20:28:41.702,03:04:00,True,2026-04-19 17:24:41.702,2026-04-19 20:28:41.702,184.0,3.07,False,184.0,0.0,True,BOM → DEL,NONE
UK123,VISTARA,BOM,DEL,2026-04-19 17:24:41.702,2026-04-19 20:18:41.702,02:54:00,True,2026-04-19 17:24:41.702,2026-04-19 20:18:41.702,174.0,2.9,False,174.0,0.0,True,BOM → DEL,NONE
6F125,INDIGO,BOM,CCU,2026-04-19 17:09:41.702,2026-04-19 21:13:41.702,04:04:00,False,2026-04-19 17:09:41.702,2026-04-19 21:13:41.702,244.0,4.07,False,244.0,0.0,True,BOM → CCU,INVALID_FLIGHT_ID
UK183,VISTARA,BLR,CCU,2026-04-19 17:07:41.703,2026-04-19 18:30:41.703,01:23:00,True,2026-04-19 17:07:41.703,2026-04-19 18:30:41.703,83.0,1.38,False,83.0,0.0,True,BLR → CCU,NONE
AI110,AIR INDIA,BOM,CCU,2026-04-19 17:07:41.702,2026-04-19 22:00:41.702,04:53:00,True,2026-04-19 17:07:41.702,2026-04-19 22:00:41.702,293.0,4.88,False,293.0,0.0,True,BOM → CCU,NONE
UK105,VISTARA,CCU,HYD,2026-04-19 17:04:41.702,2026-04-19 18:11:41.702,01:07:00,True,2026-04-19 17:04:41.702,2026-04-19 18:11:41.702,67.0,1.12,False,67.0,0.0,True,CCU → HYD,NONE
6F128,INDIGO,HYD,DEL,2026-04-19 16:56:41.702,2026-04-19 18:03:41.702,01:07:00,False,2026-04-19 16:56:41.702,2026-04-19 18:03:41.702,67.0,1.12,False,67.0,0.0,True,HYD → DEL,INVALID_FLIGHT_ID
6F224,INDIGO,DEL,MAA,2026-04-19 16:53:41.704,2026-04-19 18:52:41.704,01:59:00,False,2026-04-19 16:53:41.704,2026-04-19 18:52:41.704,119.0,1.98,False,119.0,0.0,True,DEL → MAA,INVALID_FLIGHT_ID
SJ130,SPICEJET,BOM,DEL,2026-04-19 16:53:41.702,2026-04-19 20:53:41.702,04:00:00,True,2026-04-19 16:53:41.702,2026-04-19 20:53:41.702,240.0,4.0,False,240.0,0.0,True,BOM → DEL,NONE
AI224,AIR INDIA,DEL,HYD,2026-04-19 16:51:41.703,2026-04-19 21:36:41.703,04:45:00,True,2026-04-19 16:51:41.703,2026-04-19 21:36:41.703,285.0,4.75,False,285.0,0.0,True,DEL → HYD,NONE
SJ182,SPICEJET,CCU,BOM,2026-04-19 16:48:41.703,2026-04-19 17:36:41.703,00:48:00,True,2026-04-19 16:48:41.703,2026-04-19 17:36:41.703,48.0,0.8,False,48.0,0.0,True,CCU → BOM,NONE
UK164,VISTARA,BOM,HYD,2026-04-19 16:46:41.703,2026-04-19 21:10:41.703,04:24:00,True,2026-04-19 16:46:41.703,2026-04-19 21:10:41.703,264.0,4.4,False,264.0,0.0,True,BOM → HYD,NONE
AI161,AIR INDIA,CCU,BOM,2026-04-19 16:40:41.703,2026-04-19 19:40:41.703,03:00:00,True,2026-04-19 16:40:41.703,2026-04-19 19:40:41.703,180.0,3.0,False,180.0,0.0,True,CCU → BOM,NONE
6F206,INDIGO,DEL,BOM,2026-04-19 16:39:41.703,2026-04-19 20:59:41.703,04:20:00,False,2026-04-19 16:39:41.703,2026-04-19 20:59:41.703,260.0,4.33,False,260.0,0.0,True,DEL → BOM,INVALID_FLIGHT_ID
SJ204,SPICEJET,CCU,DEL,2026-04-19 16:34:41.703,2026-04-19 18:15:41.703,01:41:00,True,2026-04-19 16:34:41.703,2026-04-19 18:15:41.703,101.0,1.68,False,101.0,0.0,True,CCU → DEL,NONE
AI206,AIR INDIA,CCU,MAA,2026-04-19 16:30:41.703,2026-04-19 20:01:41.703,03:31:00,True,2026-04-19 16:30:41.703,2026-04-19 20:01:41.703,211.0,3.52,False,211.0,0.0,True,CCU → MAA,NONE
6F140,INDIGO,CCU,HYD,2026-04-19 16:30:41.702,2026-04-19 18:21:41.702,01:51:00,False,2026-04-19 16:30:41.702,2026-04-19 18:21:41.702,111.0,1.85,False,111.0,0.0,True,CCU → HYD,INVALID_FLIGHT_ID
6F253,UNKNOWN,MAA,BLR,2026-04-19 16:26:41.703,2026-04-19 18:24:41.703,01:58:00,False,2026-04-19 16:26:41.703,2026-04-19 18:24:41.703,118.0,1.97,False,118.0,0.0,True,MAA → BLR,INVALID_FLIGHT_ID
SJ203,UNKNOWN,DEL,HYD,2026-04-19 16:22:41.703,2026-04-19 18:27:41.703,02:05:00,True,2026-04-19 16:22:41.703,2026-04-19 18:27:41.703,125.0,2.08,False,125.0,0.0,True,DEL → HYD,NONE
SJ161,SPICEJET,MAA,BLR,2026-04-19 16:22:41.703,2026-04-19 17:04:41.703,00:42:00,True,2026-04-19 16:22:41.703,2026-04-19 17:04:41.703,42.0,0.7,False,42.0,0.0,True,MAA → BLR,NONE
AI098,AIR INDIA,HYD,MAA,2026-04-19 16:01:41.702,2026-04-19 18:11:41.702,02:10:00,True,2026-04-19 16:01:41.702,2026-04-19 18:11:41.702,130.0,2.17,False,130.0,0.0,True,HYD → MAA,NONE
AI168,UNKNOWN,DEL,CCU,2026-04-19 15:50:41.703,2026-04-19 20:20:41.703,04:30:00,True,2026-04-19 15:50:41.703,2026-04-19 20:20:41.703,270.0,4.5,False,270.0,0.0,True,DEL → CCU,NONE
UK190,VISTARA,DEL,BLR,2026-04-19 15:49:41.703,2026-04-19 18:53:41.703,03:04:00,True,2026-04-19 15:49:41.703,2026-04-19 18:53:41.703,184.0,3.07,False,184.0,0.0,True,DEL → BLR,NONE
AI085,AIR INDIA,DEL,HYD,2026-04-19 15:45:41.702,2026-04-19 20:33:41.702,04:48:00,True,2026-04-19 15:45:41.702,2026-04-19 20:33:41.702,288.0,4.8,False,288.0,0.0,True,DEL → HYD,NONE
AI076,AIR INDIA,BLR,BOM,2026-04-19 15:37:41.702,2026-04-19 16:12:41.702,00:35:00,True,2026-04-19 15:37:41.702,2026-04-19 16:12:41.702,35.0,0.58,False,35.0,0.0,True,BLR → BOM,NONE
UK130,VISTARA,MAA,BLR,2026-04-19 15:36:41.702,2026-04-19 19:43:41.702,04:07:00,True,2026-04-19 15:36:41.702,2026-04-19 19:43:41.702,247.0,4.12,False,247.0,0.0,True,MAA → BLR,NONE
6F038,INDIGO,HYD,MAA,2026-04-19 15:36:41.701,2026-04-19 19:33:41.701,03:57:00,False,2026-04-19 15:36:41.701,2026-04-19 19:33:41.701,237.0,3.95,False,237.0,0.0,True,HYD → MAA,INVALID_FLIGHT_ID
UK110,VISTARA,HYD,DEL,2026-04-19 15:26:41.702,2026-04-19 20:13:41.702,04:47:00,True,2026-04-19 15:26:41.702,2026-04-19 20:13:41.702,287.0,4.78,False,287.0,0.0,True,HYD → DEL,NONE
SJ013,SPICEJET,DEL,MAA,2026-04-19 15:25:41.701,2026-04-19 19:54:41.701,04:29:00,True,2026-04-19 15:25:41.701,2026-04-19 19:54:41.701,269.0,4.48,False,269.0,0.0,True,DEL → MAA,NONE
AI039,AIR INDIA,MAA,BLR,2026-04-19 15:24:41.701,2026-04-19 18:56:41.701,03:32:00,True,2026-04-19 15:24:41.701,2026-04-19 18:56:41.701,212.0,3.53,False,212.0,0.0,True,MAA → BLR,NONE
AI248,AIR INDIA,CCU,DEL,2026-04-19 15:17:41.704,2026-04-19 16:35:41.704,01:18:00,True,2026-04-19 15:17:41.704,2026-04-19 16:35:41.704,78.0,1.3,False,78.0,0.0,True,CCU → DEL,NONE
6F199,INDIGO,DEL,MAA,2026-04-19 15:15:41.703,2026-04-19 17:32:41.703,02:17:00,False,2026-04-19 15:15:41.703,2026-04-19 17:32:41.703,137.0,2.28,False,137.0,0.0,True,DEL → MAA,INVALID_FLIGHT_ID
AI225,AIR INDIA,BOM,BLR,2026-04-19 15:05:41.703,2026-04-19 16:01:41.703,00:56:00,True,2026-04-19 15:05:41.703,2026-04-19 16:01:41.703,56.0,0.93,False,56.0,0.0,True,BOM → BLR,NONE
SJ028,SPICEJET,CCU,BOM,2026-04-19 15:04:41.701,2026-04-19 19:32:41.701,04:28:00,True,2026-04-19 15:04:41.701,2026-04-19 19:32:41.701,268.0,4.47,False,268.0,0.0,True,CCU → BOM,NONE
SJ012,SPICEJET,HYD,BLR,2026-04-19 15:01:41.701,2026-04-19 16:12:41.701,01:11:00,True,2026-04-19 15:01:41.701,2026-04-19 16:12:41.701,71.0,1.18,False,71.0,0.0,True,HYD → BLR,NONE
SJ131,SPICEJET,MAA,HYD,2026-04-19 15:00:41.702,2026-04-19 16:07:41.702,01:07:00,True,2026-04-19 15:00:41.702,2026-04-19 16:07:41.702,67.0,1.12,False,67.0,0.0,True,MAA → HYD,NONE
AI010,AIR INDIA,BOM,HYD,2026-04-19 15:00:41.701,2026-04-19 19:48:41.701,04:48:00,True,2026-04-19 15:00:41.701,2026-04-19 19:48:41.701,288.0,4.8,False,288.0,0.0,True,BOM → HYD,NONE
6F020,INDIGO,BOM,HYD,2026-04-19 14:58:41.701,2026-04-19 16:43:41.701,01:45:00,False,2026-04-19 14:58:41.701,2026-04-19 16:43:41.701,105.0,1.75,False,105.0,0.0,True,BOM → HYD,INVALID_FLIGHT_ID
SJ038,SPICEJET,BLR,DEL,2026-04-19 14:57:41.701,2026-04-19 17:46:41.701,02:49:00,True,2026-04-19 14:57:41.701,2026-04-19 17:46:41.701,169.0,2.82,False,169.0,0.0,True,BLR → DEL,NONE
UK204,VISTARA,BLR,DEL,2026-04-19 14:46:41.703,2026-04-19 16:24:41.703,01:38:00,True,2026-04-19 14:46:41.703,2026-04-19 16:24:41.703,98.0,1.63,False,98.0,0.0,True,BLR → DEL,NONE
AI036,AIR INDIA,BOM,CCU,2026-04-19 14:45:41.701,2026-04-19 16:16:41.701,01:31:00,True,2026-04-19 14:45:41.701,2026-04-19 16:16:41.701,91.0,1.52,False,91.0,0.0,True,BOM → CCU,NONE
AI100,UNKNOWN,CCU,BOM,2026-04-19 14:42:41.702,2026-04-19 18:22:41.702,03:40:00,True,2026-04-19 14:42:41.702,2026-04-19 18:22:41.702,220.0,3.67,False,220.0,0.0,True,CCU → BOM,NONE
SJ215,SPICEJET,CCU,DEL,2026-04-19 14:37:41.703,2026-04-19 16:12:41.703,01:35:00,True,2026-04-19 14:37:41.703,2026-04-19 16:12:41.703,95.0,1.58,False,95.0,0.0,True,CCU → DEL,NONE
UK155,VISTARA,MAA,HYD,2026-04-19 14:34:41.703,2026-04-19 18:37:41.703,04:03:00,True,2026-04-19 14:34:41.703,2026-04-19 18:37:41.703,243.0,4.05,False,243.0,0.0,True,MAA → HYD,NONE
SJ173,SPICEJET,CCU,HYD,2026-04-19 14:27:41.703,2026-04-19 16:09:41.703,01:42:00,True,2026-04-19 14:27:41.703,2026-04-19 16:09:41.703,102.0,1.7,False,102.0,0.0,True,CCU → HYD,NONE
UK179,VISTARA,DEL,HYD,2026-04-19 14:25:41.703,2026-04-19 19:15:41.703,04:50:00,True,2026-04-19 14:25:41.703,2026-04-19 19:15:41.703,290.0,4.83,False,290.0,0.0,True,DEL → HYD,NONE
UK221,VISTARA,CCU,DEL,2026-04-19 14:18:41.704,2026-04-19 18:44:41.704,04:26:00,True,2026-04-19 14:18:41.704,2026-04-19 18:44:41.704,266.0,4.43,False,266.0,0.0,True,CCU → DEL,NONE
UK023,VISTARA,DEL,MAA,2026-04-19 14:15:41.701,2026-04-19 19:03:41.701,04:48:00,True,2026-04-19 14:15:41.701,2026-04-19 19:03:41.701,288.0,4.8,False,288.0,0.0,True,DEL → MAA,NONE
SJ107,SPICEJET,BOM,MAA,2026-04-19 14:10:41.702,2026-04-19 18:38:41.702,04:28:00,True,2026-04-19 14:10:41.702,2026-04-19 18:38:41.702,268.0,4.47,False,268.0,0.0,True,BOM → MAA,NONE
AI073,AIR INDIA,BOM,BLR,2026-04-19 14:08:41.702,2026-04-19 16:10:41.702,02:02:00,True,2026-04-19 14:08:41.702,2026-04-19 16:10:41.702,122.0,2.03,False,122.0,0.0,True,BOM → BLR,NONE
SJ187,SPICEJET,MAA,BLR,2026-04-19 14:07:41.703,2026-04-19 17:30:41.703,03:23:00,True,2026-04-19 14:07:41.703,2026-04-19 17:30:41.703,203.0,3.38,False,203.0,0.0,True,MAA → BLR,NONE
UK058,VISTARA,MAA,BOM,2026-04-19 13:46:41.701,2026-04-19 17:04:41.701,03:18:00,True,2026-04-19 13:46:41.701,2026-04-19 17:04:41.701,198.0,3.3,False,198.0,0.0,True,MAA → BOM,NONE
SJ063,SPICEJET,MAA,BOM,2026-04-19 13:38:41.701,2026-04-19 15:23:41.701,01:45:00,True,2026-04-19 13:38:41.701,2026-04-19 15:23:41.701,105.0,1.75,False,105.0,0.0,True,MAA → BOM,NONE
SJ062,SPICEJET,BLR,HYD,2026-04-19 13:37:41.701,2026-04-19 17:06:41.701,03:29:00,True,2026-04-19 13:37:41.701,2026-04-19 17:06:41.701,209.0,3.48,False,209.0,0.0,True,BLR → HYD,NONE
UK048,VISTARA,MAA,DEL,2026-04-19 13:36:41.701,2026-04-19 18:21:41.701,04:45:00,True,2026-04-19 13:36:41.701,2026-04-19 18:21:41.701,285.0,4.75,False,285.0,0.0,True,MAA → DEL,NONE
AI181,AIR INDIA,MAA,HYD,2026-04-19 13:29:41.703,2026-04-19 16:55:41.703,03:26:00,True,2026-04-19 13:29:41.703,2026-04-19 16:55:41.703,206.0,3.43,False,206.0,0.0,True,MAA → HYD,NONE
AI003,AIR INDIA,BLR,HYD,2026-04-19 13:27:41.701,2026-04-19 16:55:41.701,03:28:00,True,2026-04-19 13:27:41.701,2026-04-19 16:55:41.701,208.0,3.47,False,208.0,0.0,True,BLR → HYD,NONE
6F041,INDIGO,MAA,BOM,2026-04-19 13:19:41.701,2026-04-19 16:48:41.701,03:29:00,False,2026-04-19 13:19:41.701,2026-04-19 16:48:41.701,209.0,3.48,False,209.0,0.0,True,MAA → BOM,INVALID_FLIGHT_ID
6F175,INDIGO,MAA,CCU,2026-04-19 13:18:41.703,2026-04-19 15:13:41.703,01:55:00,False,2026-04-19 13:18:41.703,2026-04-19 15:13:41.703,115.0,1.92,False,115.0,0.0,True,MAA → CCU,INVALID_FLIGHT_ID
6F013,INDIGO,BOM,CCU,2026-04-19 13:15:41.701,2026-04-19 18:05:41.701,04:50:00,False,2026-04-19 13:15:41.701,2026-04-19 18:05:41.701,290.0,4.83,False,290.0,0.0,True,BOM → CCU,INVALID_FLIGHT_ID
SJ040,SPICEJET,BOM,CCU,2026-04-19 13:12:41.701,2026-04-19 16:44:41.701,03:32:00,True,2026-04-19 13:12:41.701,2026-04-19 16:44:41.701,212.0,3.53,False,212.0,0.0,True,BOM → CCU,NONE
SJ016,SPICEJET,HYD,CCU,2026-04-19 13:01:41.701,2026-04-19 16:26:41.701,03:25:00,True,2026-04-19 13:01:41.701,2026-04-19 16:26:41.701,205.0,3.42,False,205.0,0.0,True,HYD → CCU,NONE
6F135,INDIGO,MAA,HYD,2026-04-19 12:59:41.702,2026-04-19 13:45:41.702,00:46:00,False,2026-04-19 12:59:41.702,2026-04-19 13:45:41.702,46.0,0.77,False,46.0,0.0,True,MAA → HYD,INVALID_FLIGHT_ID
6F150,INDIGO,HYD,MAA,2026-04-19 12:55:41.703,2026-04-19 16:53:41.703,03:58:00,False,2026-04-19 12:55:41.703,2026-04-19 16:53:41.703,238.0,3.97,False,238.0,0.0,True,HYD → MAA,INVALID_FLIGHT_ID
AI083,AIR INDIA,DEL,BOM,2026-04-19 12:54:41.702,2026-04-19 13:37:41.702,00:43:00,True,2026-04-19 12:54:41.702,2026-04-19 13:37:41.702,43.0,0.72,False,43.0,0.0,True,DEL → BOM,NONE
SJ166,SPICEJET,CCU,HYD,2026-04-19 12:51:41.703,2026-04-19 16:18:41.703,03:27:00,True,2026-04-19 12:51:41.703,2026-04-19 16:18:41.703,207.0,3.45,False,207.0,0.0,True,CCU → HYD,NONE
SJ027,UNKNOWN,BOM,MAA,2026-04-19 12:50:41.701,2026-04-19 17:13:41.701,04:23:00,True,2026-04-19 12:50:41.701,2026-04-19 17:13:41.701,263.0,4.38,False,263.0,0.0,True,BOM → MAA,NONE
6F134,INDIGO,BLR,MAA,2026-04-19 12:47:41.702,2026-04-19 14:06:41.702,01:19:00,False,2026-04-19 12:47:41.702,2026-04-19 14:06:41.702,79.0,1.32,False,79.0,0.0,True,BLR → MAA,INVALID_FLIGHT_ID
UK225,VISTARA,MAA,BLR,2026-04-19 12:46:41.704,2026-04-19 15:02:41.704,02:16:00,True,2026-04-19 12:46:41.704,2026-04-19 15:02:41.704,136.0,2.27,False,136.0,0.0,True,MAA → BLR,NONE
SJ175,SPICEJET,MAA,BLR,2026-04-19 12:46:41.703,2026-04-19 16:50:41.703,04:04:00,True,2026-04-19 12:46:41.703,2026-04-19 16:50:41.703,244.0,4.07,False,244.0,0.0,True,MAA → BLR,NONE
AI182,AIR INDIA,HYD,DEL,2026-04-19 12:41:41.703,2026-04-19 17:14:41.703,04:33:00,True,2026-04-19 12:41:41.703,2026-04-19 17:14:41.703,273.0,4.55,False,273.0,0.0,True,HYD → DEL,NONE
AI190,AIR INDIA,BOM,CCU,2026-04-19 12:38:41.703,2026-04-19 15:56:41.703,03:18:00,True,2026-04-19 12:38:41.703,2026-04-19 15:56:41.703,198.0,3.3,False,198.0,0.0,True,BOM → CCU,NONE
AI120,AIR INDIA,MAA,CCU,2026-04-19 12:12:41.702,2026-04-19 14:18:41.702,02:06:00,True,2026-04-19 12:12:41.702,2026-04-19 14:18:41.702,126.0,2.1,False,126.0,0.0,True,MAA → CCU,NONE
6F132,INDIGO,MAA,BOM,2026-04-19 12:00:41.702,2026-04-19 13:00:42.000,01:00:00.298000,False,2026-04-19 12:00:41.702,2026-04-19 13:00:42.000,60.00496666666666,1.0,False,60.00496666666666,0.0,True,MAA → BOM,INVALID_FLIGHT_ID
UK102,VISTARA,HYD,CCU,2026-04-19 11:58:41.702,2026-04-19 14:01:41.702,02:03:00,True,2026-04-19 11:58:41.702,2026-04-19 14:01:41.702,123.0,2.05,False,123.0,0.0,True,HYD → CCU,NONE
AI045,AIR INDIA,HYD,MAA,2026-04-19 11:58:41.701,2026-04-19 14:37:41.701,02:39:00,True,2026-04-19 11:58:41.701,2026-04-19 14:37:41.701,159.0,2.65,False,159.0,0.0,True,HYD → MAA,NONE
UK136,VISTARA,HYD,CCU,2026-04-19 11:43:41.703,2026-04-19 15:26:41.703,03:43:00,True,2026-04-19 11:43:41.703,2026-04-19 15:26:41.703,223.0,3.72,False,223.0,0.0,True,HYD → CCU,NONE
SJ238,SPICEJET,MAA,BLR,2026-04-19 11:41:41.704,2026-04-19 15:39:41.704,03:58:00,True,2026-04-19 11:41:41.704,2026-04-19 15:39:41.704,238.0,3.97,False,238.0,0.0,True,MAA → BLR,NONE
AI193,AIR INDIA,MAA,HYD,2026-04-19 11:33:41.703,2026-04-19 16:07:41.703,04:34:00,True,2026-04-19 11:33:41.703,2026-04-19 16:07:41.703,274.0,4.57,False,274.0,0.0,True,MAA → HYD,NONE
6F001,INDIGO,HYD,BOM,2026-04-19 11:33:41.700,2026-04-19 13:08:41.700,01:35:00,False,2026-04-19 11:33:41.700,2026-04-19 13:08:41.700,95.0,1.58,False,95.0,0.0,True,HYD → BOM,INVALID_FLIGHT_ID
6F211,INDIGO,MAA,BLR,2026-04-19 11:29:41.703,2026-04-19 16:20:41.703,04:51:00,False,2026-04-19 11:29:41.703,2026-04-19 16:20:41.703,291.0,4.85,False,291.0,0.0,True,MAA → BLR,INVALID_FLIGHT_ID
SJ199,SPICEJET,HYD,BOM,2026-04-19 11:29:41.703,2026-04-19 13:59:41.703,02:30:00,True,2026-04-19 11:29:41.703,2026-04-19 13:59:41.703,150.0,2.5,False,150.0,0.0,True,HYD → BOM,NONE
SJ050,SPICEJET,HYD,CCU,2026-04-19 11:24:41.701,2026-04-19 12:03:41.701,00:39:00,True,2026-04-19 11:24:41.701,2026-04-19 12:03:41.701,39.0,0.65,False,39.0,0.0,True,HYD → CCU,NONE
UK115,VISTARA,BLR,BOM,2026-04-19 11:20:41.702,2026-04-19 13:20:42.000,02:00:00.298000,True,2026-04-19 11:20:41.702,2026-04-19 13:20:42.000,120.00496666666666,2.0,False,120.00496666666666,0.0,True,BLR → BOM,NONE
AI037,UNKNOWN,BOM,BLR,2026-04-19 11:14:41.701,2026-04-19 15:13:41.701,03:59:00,True,2026-04-19 11:14:41.701,2026-04-19 15:13:41.701,239.0,3.98,False,239.0,0.0,True,BOM → BLR,NONE
6F235,INDIGO,HYD,MAA,2026-04-19 11:06:41.704,2026-04-19 13:51:41.704,02:45:00,False,2026-04-19 11:06:41.704,2026-04-19 13:51:41.704,165.0,2.75,False,165.0,0.0,True,HYD → MAA,INVALID_FLIGHT_ID
UK111,VISTARA,MAA,BLR,2026-04-19 11:06:41.702,2026-04-19 12:20:41.702,01:14:00,True,2026-04-19 11:06:41.702,2026-04-19 12:20:41.702,74.0,1.23,False,74.0,0.0,True,MAA → BLR,NONE
6F005,INDIGO,BOM,MAA,2026-04-19 11:04:41.701,2026-04-19 15:27:41.701,04:23:00,False,2026-04-19 11:04:41.701,2026-04-19 15:27:41.701,263.0,4.38,False,263.0,0.0,True,BOM → MAA,INVALID_FLIGHT_ID
AI198,AIR INDIA,CCU,MAA,2026-04-19 10:56:41.703,2026-04-19 14:19:41.703,03:23:00,True,2026-04-19 10:56:41.703,2026-04-19 14:19:41.703,203.0,3.38,False,203.0,0.0,True,CCU → MAA,NONE
UK184,VISTARA,MAA,HYD,2026-04-19 10:49:41.703,2026-04-19 13:00:41.703,02:11:00,True,2026-04-19 10:49:41.703,2026-04-19 13:00:41.703,131.0,2.18,False,131.0,0.0,True,MAA → HYD,NONE
6F219,INDIGO,MAA,DEL,2026-04-19 10:32:41.704,2026-04-19 14:37:41.704,04:05:00,False,2026-04-19 10:32:41.704,2026-04-19 14:37:41.704,245.0,4.08,False,245.0,0.0,True,MAA → DEL,INVALID_FLIGHT_ID
UK066,VISTARA,BOM,CCU,2026-04-19 10:29:41.701,2026-04-19 12:07:41.701,01:38:00,True,2026-04-19 10:29:41.701,2026-04-19 12:07:41.701,98.0,1.63,False,98.0,0.0,True,BOM → CCU,NONE
6F220,INDIGO,HYD,BOM,2026-04-19 10:27:41.704,2026-04-19 11:25:41.704,00:58:00,False,2026-04-19 10:27:41.704,2026-04-19 11:25:41.704,58.0,0.97,False,58.0,0.0,True,HYD → BOM,INVALID_FLIGHT_ID
AI180,AIR INDIA,BOM,CCU,2026-04-19 10:19:41.703,2026-04-19 11:00:41.703,00:41:00,True,2026-04-19 10:19:41.703,2026-04-19 11:00:41.703,41.0,0.68,False,41.0,0.0,True,BOM → CCU,NONE
6F098,INDIGO,BLR,MAA,2026-04-19 10:18:41.702,2026-04-19 12:49:41.702,02:31:00,False,2026-04-19 10:18:41.702,2026-04-19 12:49:41.702,151.0,2.52,False,151.0,0.0,True,BLR → MAA,INVALID_FLIGHT_ID
AI141,AIR INDIA,BLR,DEL,2026-04-19 10:16:41.702,2026-04-19 14:53:41.702,04:37:00,True,2026-04-19 10:16:41.702,2026-04-19 14:53:41.702,277.0,4.62,False,277.0,0.0,True,BLR → DEL,NONE
SJ170,SPICEJET,BLR,BOM,2026-04-19 10:11:41.703,2026-04-19 11:56:41.703,01:45:00,True,2026-04-19 10:11:41.703,2026-04-19 11:56:41.703,105.0,1.75,False,105.0,0.0,True,BLR → BOM,NONE
SJ178,SPICEJET,BOM,HYD,2026-04-19 09:58:41.703,2026-04-19 12:27:41.703,02:29:00,True,2026-04-19 09:58:41.703,2026-04-19 12:27:41.703,149.0,2.48,False,149.0,0.0,True,BOM → HYD,NONE
6F172,INDIGO,BOM,BLR,2026-04-19 09:53:41.703,2026-04-19 14:46:41.703,04:53:00,False,2026-04-19 09:53:41.703,2026-04-19 14:46:41.703,293.0,4.88,False,293.0,0.0,True,BOM → BLR,INVALID_FLIGHT_ID
UK220,VISTARA,BLR,BOM,2026-04-19 09:51:41.704,2026-04-19 13:25:41.704,03:34:00,True,2026-04-19 09:51:41.704,2026-04-19 13:25:41.704,214.0,3.57,False,214.0,0.0,True,BLR → BOM,NONE
SJ148,SPICEJET,DEL,BLR,2026-04-19 09:51:41.702,2026-04-19 13:41:41.702,03:50:00,True,2026-04-19 09:51:41.702,2026-04-19 13:41:41.702,230.0,3.83,False,230.0,0.0,True,DEL → BLR,NONE
UK065,VISTARA,BOM,CCU,2026-04-19 09:38:41.701,2026-04-19 13:46:41.701,04:08:00,True,2026-04-19 09:38:41.701,2026-04-19 13:46:41.701,248.0,4.13,False,248.0,0.0,True,BOM → CCU,NONE
6F243,INDIGO,BOM,HYD,2026-04-19 09:37:41.704,2026-04-19 10:33:41.704,00:56:00,False,2026-04-19 09:37:41.704,2026-04-19 10:33:41.704,56.0,0.93,False,56.0,0.0,True,BOM → HYD,INVALID_FLIGHT_ID
SJ193,SPICEJET,CCU,DEL,2026-04-19 09:37:41.703,2026-04-19 12:16:41.703,02:39:00,True,2026-04-19 09:37:41.703,2026-04-19 12:16:41.703,159.0,2.65,False,159.0,0.0,True,CCU → DEL,NONE
UK056,VISTARA,HYD,MAA,2026-04-19 09:29:41.701,2026-04-19 10:15:41.701,00:46:00,True,2026-04-19 09:29:41.701,2026-04-19 10:15:41.701,46.0,0.77,False,46.0,0.0,True,HYD → MAA,NONE
AI219,UNKNOWN,BLR,DEL,2026-04-19 09:28:41.703,2026-04-19 11:27:41.703,01:59:00,True,2026-04-19 09:28:41.703,2026-04-19 11:27:41.703,119.0,1.98,False,119.0,0.0,True,BLR → DEL,NONE
SJ073,SPICEJET,CCU,BLR,2026-04-19 09:26:41.701,2026-04-19 11:14:41.701,01:48:00,True,2026-04-19 09:26:41.701,2026-04-19 11:14:41.701,108.0,1.8,False,108.0,0.0,True,CCU → BLR,NONE
6F052,INDIGO,BOM,CCU,2026-04-19 09:13:41.701,2026-04-19 12:02:41.701,02:49:00,False,2026-04-19 09:13:41.701,2026-04-19 12:02:41.701,169.0,2.82,False,169.0,0.0,True,BOM → CCU,INVALID_FLIGHT_ID
SJ201,SPICEJET,BLR,DEL,2026-04-19 09:10:41.703,2026-04-19 11:12:41.703,02:02:00,True,2026-04-19 09:10:41.703,2026-04-19 11:12:41.703,122.0,2.03,False,122.0,0.0,True,BLR → DEL,NONE
UK028,VISTARA,HYD,MAA,2026-04-19 09:02:41.701,2026-04-19 10:37:41.701,01:35:00,True,2026-04-19 09:02:41.701,2026-04-19 10:37:41.701,95.0,1.58,False,95.0,0.0,True,HYD → MAA,NONE
SJ119,SPICEJET,BOM,CCU,2026-04-19 08:53:41.702,2026-04-19 11:29:41.702,02:36:00,True,2026-04-19 08:53:41.702,2026-04-19 11:29:41.702,156.0,2.6,False,156.0,0.0,True,BOM → CCU,NONE
AI165,AIR INDIA,DEL,CCU,2026-04-19 08:51:41.703,2026-04-19 10:31:41.703,01:40:00,True,2026-04-19 08:51:41.703,2026-04-19 10:31:41.703,100.0,1.67,False,100.0,0.0,True,DEL → CCU,NONE
AI255,AIR INDIA,MAA,CCU,2026-04-19 08:45:41.704,2026-04-19 13:12:41.704,04:27:00,True,2026-04-19 08:45:41.704,2026-04-19 13:12:41.704,267.0,4.45,False,267.0,0.0,True,MAA → CCU,NONE
AI202,AIR INDIA,HYD,BLR,2026-04-19 08:44:41.703,2026-04-19 10:53:41.703,02:09:00,True,2026-04-19 08:44:41.703,2026-04-19 10:53:41.703,129.0,2.15,False,129.0,0.0,True,HYD → BLR,NONE
SJ039,SPICEJET,MAA,BOM,2026-04-19 08:41:41.701,2026-04-19 12:08:41.701,03:27:00,True,2026-04-19 08:41:41.701,2026-04-19 12:08:41.701,207.0,3.45,False,207.0,0.0,True,MAA → BOM,NONE
SJ051,UNKNOWN,BOM,BLR,2026-04-19 08:40:41.701,2026-04-19 12:18:41.701,03:38:00,True,2026-04-19 08:40:41.701,2026-04-19 12:18:41.701,218.0,3.63,False,218.0,0.0,True,BOM → BLR,NONE
UK024,VISTARA,MAA,BLR,2026-04-19 08:29:41.701,2026-04-19 13:29:41.701,05:00:00,True,2026-04-19 08:29:41.701,2026-04-19 13:29:41.701,300.0,5.0,False,300.0,0.0,True,MAA → BLR,NONE
SJ006,SPICEJET,HYD,BLR,2026-04-19 08:25:41.701,2026-04-19 08:57:41.701,00:32:00,True,2026-04-19 08:25:41.701,2026-04-19 08:57:41.701,32.0,0.53,False,32.0,0.0,True,HYD → BLR,NONE
AI207,AIR INDIA,BOM,MAA,2026-04-19 08:24:41.703,2026-04-19 11:23:41.703,02:59:00,True,2026-04-19 08:24:41.703,2026-04-19 11:23:41.703,179.0,2.98,False,179.0,0.0,True,BOM → MAA,NONE
SJ168,SPICEJET,CCU,BOM,2026-04-19 08:17:41.703,2026-04-19 12:29:41.703,04:12:00,True,2026-04-19 08:17:41.703,2026-04-19 12:29:41.703,252.0,4.2,False,252.0,0.0,True,CCU → BOM,NONE
AI028,AIR INDIA,HYD,BOM,2026-04-19 07:53:41.701,2026-04-19 08:35:41.701,00:42:00,True,2026-04-19 07:53:41.701,2026-04-19 08:35:41.701,42.0,0.7,False,42.0,0.0,True,HYD → BOM,NONE
6F094,INDIGO,BLR,BOM,2026-04-19 07:37:41.702,2026-04-19 09:06:41.702,01:29:00,False,2026-04-19 07:37:41.702,2026-04-19 09:06:41.702,89.0,1.48,False,89.0,0.0,True,BLR → BOM,INVALID_FLIGHT_ID
6F024,INDIGO,BOM,DEL,2026-04-19 07:31:41.701,2026-04-19 11:17:41.701,03:46:00,False,2026-04-19 07:31:41.701,2026-04-19 11:17:41.701,226.0,3.77,False,226.0,0.0,True,BOM → DEL,INVALID_FLIGHT_ID
6F061,INDIGO,MAA,BOM,2026-04-19 07:28:41.701,2026-04-19 08:09:41.701,00:41:00,False,2026-04-19 07:28:41.701,2026-04-19 08:09:41.701,41.0,0.68,False,41.0,0.0,True,MAA → BOM,INVALID_FLIGHT_ID
AI032,AIR INDIA,MAA,BLR,2026-04-19 07:26:41.701,2026-04-19 09:26:42.000,02:00:00.299000,True,2026-04-19 07:26:41.701,2026-04-19 09:26:42.000,120.00498333333333,2.0,False,120.00498333333333,0.0,True,MAA → BLR,NONE
UK163,VISTARA,DEL,HYD,2026-04-19 07:22:41.703,2026-04-19 09:04:41.703,01:42:00,True,2026-04-19 07:22:41.703,2026-04-19 09:04:41.703,102.0,1.7,False,102.0,0.0,True,DEL → HYD,NONE
SJ067,SPICEJET,MAA,BLR,2026-04-19 07:17:41.701,2026-04-19 08:16:41.701,00:59:00,True,2026-04-19 07:17:41.701,2026-04-19 08:16:41.701,59.0,0.98,False,59.0,0.0,True,MAA → BLR,NONE
SJ106,SPICEJET,CCU,DEL,2026-04-19 07:16:41.702,2026-04-19 09:40:41.702,02:24:00,True,2026-04-19 07:16:41.702,2026-04-19 09:40:41.702,144.0,2.4,False,144.0,0.0,True,CCU → DEL,NONE
AI086,AIR INDIA,CCU,HYD,2026-04-19 07:13:41.702,2026-04-19 10:09:41.702,02:56:00,True,2026-04-19 07:13:41.702,2026-04-19 10:09:41.702,176.0,2.93,False,176.0,0.0,True,CCU → HYD,NONE
6F263,UNKNOWN,DEL,HYD,2026-04-19 07:07:41.703,2026-04-19 08:30:41.703,01:23:00,False,2026-04-19 07:07:41.703,2026-04-19 08:30:41.703,83.0,1.38,False,83.0,0.0,True,DEL → HYD,INVALID_FLIGHT_ID
6F163,INDIGO,MAA,BOM,2026-04-19 06:49:41.703,2026-04-19 10:46:41.703,03:57:00,False,2026-04-19 06:49:41.703,2026-04-19 10:46:41.703,237.0,3.95,False,237.0,0.0,True,MAA → BOM,INVALID_FLIGHT_ID
SJ064,SPICEJET,CCU,DEL,2026-04-19 06:29:41.701,2026-04-19 08:43:41.701,02:14:00,True,2026-04-19 06:29:41.701,2026-04-19 08:43:41.701,134.0,2.23,False,134.0,0.0,True,CCU → DEL,NONE
UK118,VISTARA,HYD,BLR,2026-04-19 06:22:41.702,2026-04-19 07:22:42.000,01:00:00.298000,True,2026-04-19 06:22:41.702,2026-04-19 07:22:42.000,60.00496666666666,1.0,False,60.00496666666666,0.0,True,HYD → BLR,NONE
UK022,VISTARA,DEL,HYD,2026-04-19 06:22:41.701,2026-04-19 10:59:41.701,04:37:00,True,2026-04-19 06:22:41.701,2026-04-19 10:59:41.701,277.0,4.62,False,277.0,0.0,True,DEL → HYD,NONE
UK099,VISTARA,BOM,MAA,2026-04-19 06:16:41.702,2026-04-19 10:24:41.702,04:08:00,True,2026-04-19 06:16:41.702,2026-04-19 10:24:41.702,248.0,4.13,False,248.0,0.0,True,BOM → MAA,NONE
6F212,INDIGO,BLR,CCU,2026-04-19 06:10:41.703,2026-04-19 10:52:41.703,04:42:00,False,2026-04-19 06:10:41.703,2026-04-19 10:52:41.703,282.0,4.7,False,282.0,0.0,True,BLR → CCU,INVALID_FLIGHT_ID
AI023,AIR INDIA,HYD,BLR,2026-04-19 06:10:41.701,2026-04-19 09:35:41.701,03:25:00,True,2026-04-19 06:10:41.701,2026-04-19 09:35:41.701,205.0,3.42,False,205.0,0.0,True,HYD → BLR,NONE
SJ245,SPICEJET,BOM,DEL,2026-04-19 06:07:41.704,2026-04-19 09:39:41.704,03:32:00,True,2026-04-19 06:07:41.704,2026-04-19 09:39:41.704,212.0,3.53,False,212.0,0.0,True,BOM → DEL,NONE
6F066,INDIGO,BLR,HYD,2026-04-19 06:07:41.701,2026-04-19 07:43:41.701,01:36:00,False,2026-04-19 06:07:41.701,2026-04-19 07:43:41.701,96.0,1.6,False,96.0,0.0,True,BLR → HYD,INVALID_FLIGHT_ID
AI138,AIR INDIA,DEL,CCU,2026-04-19 05:50:41.702,2026-04-19 06:40:41.702,00:50:00,True,2026-04-19 05:50:41.702,2026-04-19 06:40:41.702,50.0,0.83,False,50.0,0.0,True,DEL → CCU,NONE
SJ021,SPICEJET,HYD,BLR,2026-04-19 05:48:41.701,2026-04-19 09:46:41.701,03:58:00,True,2026-04-19 05:48:41.701,2026-04-19 09:46:41.701,238.0,3.97,False,238.0,0.0,True,HYD → BLR,NONE
SJ136,SPICEJET,HYD,BLR,2026-04-19 05:45:41.702,2026-04-19 08:04:41.702,02:19:00,True,2026-04-19 05:45:41.702,2026-04-19 08:04:41.702,139.0,2.32,False,139.0,0.0,True,HYD → BLR,NONE
AI148,AIR INDIA,HYD,MAA,2026-04-19 05:41:41.703,2026-04-19 08:32:41.703,02:51:00,True,2026-04-19 05:41:41.703,2026-04-19 08:32:41.703,171.0,2.85,False,171.0,0.0,True,HYD → MAA,NONE
SJ014,SPICEJET,BOM,HYD,2026-04-19 05:40:41.701,2026-04-19 06:39:41.701,00:59:00,True,2026-04-19 05:40:41.701,2026-04-19 06:39:41.701,59.0,0.98,False,59.0,0.0,True,BOM → HYD,NONE
6F104,INDIGO,CCU,BOM,2026-04-19 05:39:41.702,2026-04-19 06:14:41.702,00:35:00,False,2026-04-19 05:39:41.702,2026-04-19 06:14:41.702,35.0,0.58,False,35.0,0.0,True,CCU → BOM,INVALID_FLIGHT_ID
SJ121,SPICEJET,CCU,DEL,2026-04-19 05:32:41.702,2026-04-19 06:47:41.702,01:15:00,True,2026-04-19 05:32:41.702,2026-04-19 06:47:41.702,75.0,1.25,False,75.0,0.0,True,CCU → DEL,NONE
UK174,VISTARA,CCU,DEL,2026-04-19 05:27:41.703,2026-04-19 07:47:41.703,02:20:00,True,2026-04-19 05:27:41.703,2026-04-19 07:47:41.703,140.0,2.33,False,140.0,0.0,True,CCU → DEL,NONE
AI033,AIR INDIA,MAA,CCU,2026-04-19 05:25:41.701,2026-04-19 10:21:41.701,04:56:00,True,2026-04-19 05:25:41.701,2026-04-19 10:21:41.701,296.0,4.93,False,296.0,0.0,True,MAA → CCU,NONE
SJ122,SPICEJET,CCU,BOM,2026-04-19 05:22:41.702,2026-04-19 10:09:41.702,04:47:00,True,2026-04-19 05:22:41.702,2026-04-19 10:09:41.702,287.0,4.78,False,287.0,0.0,True,CCU → BOM,NONE
UK095,VISTARA,BOM,MAA,2026-04-19 05:22:41.702,2026-04-19 07:36:41.702,02:14:00,True,2026-04-19 05:22:41.702,2026-04-19 07:36:41.702,134.0,2.23,False,134.0,0.0,True,BOM → MAA,NONE
SJ026,SPICEJET,CCU,MAA,2026-04-19 05:22:41.701,2026-04-19 09:40:41.701,04:18:00,True,2026-04-19 05:22:41.701,2026-04-19 09:40:41.701,258.0,4.3,False,258.0,0.0,True,CCU → MAA,NONE
6F221,INDIGO,MAA,DEL,2026-04-19 05:20:41.704,2026-04-19 08:52:41.704,03:32:00,False,2026-04-19 05:20:41.704,2026-04-19 08:52:41.704,212.0,3.53,False,212.0,0.0,True,MAA → DEL,INVALID_FLIGHT_ID
SJ103,SPICEJET,MAA,BLR,2026-04-19 05:16:41.702,2026-04-19 08:56:41.702,03:40:00,True,2026-04-19 05:16:41.702,2026-04-19 08:56:41.702,220.0,3.67,False,220.0,0.0,True,MAA → BLR,NONE
SJ011,SPICEJET,BOM,MAA,2026-04-19 05:14:41.701,2026-04-19 09:59:41.701,04:45:00,True,2026-04-19 05:14:41.701,2026-04-19 09:59:41.701,285.0,4.75,False,285.0,0.0,True,BOM → MAA,NONE
AI002,AIR INDIA,HYD,BLR,2026-04-19 05:12:41.700,2026-04-19 07:12:41.700,02:00:00,True,2026-04-19 05:12:41.700,2026-04-19 07:12:41.700,120.0,2.0,False,120.0,0.0,True,HYD → BLR,NONE
AI046,UNKNOWN,DEL,BOM,2026-04-19 05:09:41.701,2026-04-19 08:00:41.701,02:51:00,True,2026-04-19 05:09:41.701,2026-04-19 08:00:41.701,171.0,2.85,False,171.0,0.0,True,DEL → BOM,NONE
SJ053,SPICEJET,CCU,DEL,2026-04-19 05:00:41.701,2026-04-19 06:38:41.701,01:38:00,True,2026-04-19 05:00:41.701,2026-04-19 06:38:41.701,98.0,1.63,False,98.0,0.0,True,CCU → DEL,NONE
AI236,AIR INDIA,DEL,BOM,2026-04-19 04:52:41.704,2026-04-19 09:11:41.704,04:19:00,True,2026-04-19 04:52:41.704,2026-04-19 09:11:41.704,259.0,4.32,False,259.0,0.0,True,DEL → BOM,NONE
AI254,AIR INDIA,CCU,HYD,2026-04-19 04:46:41.704,2026-04-19 08:06:41.704,03:20:00,True,2026-04-19 04:46:41.704,2026-04-19 08:06:41.704,200.0,3.33,False,200.0,0.0,True,CCU → HYD,NONE
6F063,INDIGO,DEL,HYD,2026-04-19 04:42:41.701,2026-04-19 07:31:41.701,02:49:00,False,2026-04-19 04:42:41.701,2026-04-19 07:31:41.701,169.0,2.82,False,169.0,0.0,True,DEL → HYD,INVALID_FLIGHT_ID
6F115,INDIGO,MAA,BLR,2026-04-19 04:41:41.702,2026-04-19 06:23:41.702,01:42:00,False,2026-04-19 04:41:41.702,2026-04-19 06:23:41.702,102.0,1.7,False,102.0,0.0,True,MAA → BLR,INVALID_FLIGHT_ID
UK070,VISTARA,BOM,DEL,2026-04-19 04:36:41.701,2026-04-19 06:49:41.701,02:13:00,True,2026-04-19 04:36:41.701,2026-04-19 06:49:41.701,133.0,2.22,False,133.0,0.0,True,BOM → DEL,NONE
SJ147,SPICEJET,BLR,CCU,2026-04-19 04:30:41.702,2026-04-19 08:52:41.702,04:22:00,True,2026-04-19 04:30:41.702,2026-04-19 08:52:41.702,262.0,4.37,False,262.0,0.0,True,BLR → CCU,NONE
UK201,VISTARA,HYD,BOM,2026-04-19 04:29:41.703,2026-04-19 06:42:41.703,02:13:00,True,2026-04-19 04:29:41.703,2026-04-19 06:42:41.703,133.0,2.22,False,133.0,0.0,True,HYD → BOM,NONE
SJ234,SPICEJET,BLR,CCU,2026-04-19 04:20:41.704,2026-04-19 06:23:41.704,02:03:00,True,2026-04-19 04:20:41.704,2026-04-19 06:23:41.704,123.0,2.05,False,123.0,0.0,True,BLR → CCU,NONE
AI176,AIR INDIA,BLR,DEL,2026-04-19 04:20:41.703,2026-04-19 06:25:41.703,02:05:00,True,2026-04-19 04:20:41.703,2026-04-19 06:25:41.703,125.0,2.08,False,125.0,0.0,True,BLR → DEL,NONE
SJ045,SPICEJET,DEL,MAA,2026-04-19 04:16:41.701,2026-04-19 09:03:41.701,04:47:00,True,2026-04-19 04:16:41.701,2026-04-19 09:03:41.701,287.0,4.78,False,287.0,0.0,True,DEL → MAA,NONE
SJ174,SPICEJET,CCU,DEL,2026-04-19 04:09:41.703,2026-04-19 05:04:41.703,00:55:00,True,2026-04-19 04:09:41.703,2026-04-19 05:04:41.703,55.0,0.92,False,55.0,0.0,True,CCU → DEL,NONE
AI007,AIR INDIA,MAA,DEL,2026-04-19 04:01:41.701,2026-04-19 06:01:42.000,02:00:00.299000,True,2026-04-19 04:01:41.701,2026-04-19 06:01:42.000,120.00498333333333,2.0,False,120.00498333333333,0.0,True,MAA → DEL,NONE
AI143,AIR INDIA,CCU,DEL,2026-04-19 03:58:41.702,2026-04-19 04:36:41.702,00:38:00,True,2026-04-19 03:58:41.702,2026-04-19 04:36:41.702,38.0,0.63,False,38.0,0.0,True,CCU → DEL,NONE
SJ241,SPICEJET,DEL,HYD,2026-04-19 03:57:41.704,2026-04-19 06:36:41.704,02:39:00,True,2026-04-19 03:57:41.704,2026-04-19 06:36:41.704,159.0,2.65,False,159.0,0.0,True,DEL → HYD,NONE
AI020,UNKNOWN,BOM,BLR,2026-04-19 03:53:41.701,2026-04-19 06:21:41.701,02:28:00,True,2026-04-19 03:53:41.701,2026-04-19 06:21:41.701,148.0,2.47,False,148.0,0.0,True,BOM → BLR,NONE
UK031,VISTARA,CCU,DEL,2026-04-19 03:45:41.701,2026-04-19 07:20:41.701,03:35:00,True,2026-04-19 03:45:41.701,2026-04-19 07:20:41.701,215.0,3.58,False,215.0,0.0,True,CCU → DEL,NONE
AI013,AIR INDIA,HYD,BLR,2026-04-19 03:41:41.701,2026-04-19 04:58:41.701,01:17:00,True,2026-04-19 03:41:41.701,2026-04-19 04:58:41.701,77.0,1.28,False,77.0,0.0,True,HYD → BLR,NONE
AI249,AIR INDIA,BLR,HYD,2026-04-19 03:38:41.704,2026-04-19 06:27:41.704,02:49:00,True,2026-04-19 03:38:41.704,2026-04-19 06:27:41.704,169.0,2.82,False,169.0,0.0,True,BLR → HYD,NONE
UK046,VISTARA,CCU,DEL,2026-04-19 03:37:41.701,2026-04-19 06:05:41.701,02:28:00,True,2026-04-19 03:37:41.701,2026-04-19 06:05:41.701,148.0,2.47,False,148.0,0.0,True,CCU → DEL,NONE
UK168,VISTARA,BLR,CCU,2026-04-19 03:20:41.703,2026-04-19 04:09:41.703,00:49:00,True,2026-04-19 03:20:41.703,2026-04-19 04:09:41.703,49.0,0.82,False,49.0,0.0,True,BLR → CCU,NONE
AI022,AIR INDIA,BOM,MAA,2026-04-19 03:15:41.701,2026-04-19 05:10:41.701,01:55:00,True,2026-04-19 03:15:41.701,2026-04-19 05:10:41.701,115.0,1.92,False,115.0,0.0,True,BOM → MAA,NONE
UK218,VISTARA,MAA,BLR,2026-04-19 03:12:41.704,2026-04-19 07:22:41.704,04:10:00,True,2026-04-19 03:12:41.704,2026-04-19 07:22:41.704,250.0,4.17,False,250.0,0.0,True,MAA → BLR,NONE
UK142,VISTARA,BLR,DEL,2026-04-19 03:03:41.703,2026-04-19 07:13:41.703,04:10:00,True,2026-04-19 03:03:41.703,2026-04-19 07:13:41.703,250.0,4.17,False,250.0,0.0,True,BLR → DEL,NONE
6F067,INDIGO,MAA,BLR,2026-04-19 02:59:41.701,2026-04-19 06:02:41.701,03:03:00,False,2026-04-19 02:59:41.701,2026-04-19 06:02:41.701,183.0,3.05,False,183.0,0.0,True,MAA → BLR,INVALID_FLIGHT_ID
SJ217,SPICEJET,BOM,CCU,2026-04-19 02:57:41.703,2026-04-19 06:04:41.703,03:07:00,True,2026-04-19 02:57:41.703,2026-04-19 06:04:41.703,187.0,3.12,False,187.0,0.0,True,BOM → CCU,NONE
SJ143,SPICEJET,DEL,BOM,2026-04-19 02:55:41.702,2026-04-19 03:52:41.702,00:57:00,True,2026-04-19 02:55:41.702,2026-04-19 03:52:41.702,57.0,0.95,False,57.0,0.0,True,DEL → BOM,NONE
AI243,UNKNOWN,BLR,BOM,2026-04-19 02:50:41.704,2026-04-19 05:09:41.704,02:19:00,True,2026-04-19 02:50:41.704,2026-04-19 05:09:41.704,139.0,2.32,False,139.0,0.0,True,BLR → BOM,NONE
SJ246,SPICEJET,BOM,DEL,2026-04-19 02:47:41.704,2026-04-19 03:47:42.000,01:00:00.296000,True,2026-04-19 02:47:41.704,2026-04-19 03:47:42.000,60.004933333333334,1.0,False,60.004933333333334,0.0,True,BOM → DEL,NONE
6F170,INDIGO,HYD,DEL,2026-04-19 02:44:41.703,2026-04-19 04:14:41.703,01:30:00,False,2026-04-19 02:44:41.703,2026-04-19 04:14:41.703,90.0,1.5,False,90.0,0.0,True,HYD → DEL,INVALID_FLIGHT_ID
UK157,VISTARA,CCU,BOM,2026-04-19 02:41:41.703,2026-04-19 03:41:42.000,01:00:00.297000,True,2026-04-19 02:41:41.703,2026-04-19 03:41:42.000,60.00495,1.0,False,60.00495,0.0,True,CCU → BOM,NONE
UK172,VISTARA,DEL,BOM,2026-04-19 02:20:41.703,2026-04-19 05:21:41.703,03:01:00,True,2026-04-19 02:20:41.703,2026-04-19 05:21:41.703,181.0,3.02,False,181.0,0.0,True,DEL → BOM,NONE
SJ139,SPICEJET,DEL,BLR,2026-04-19 02:20:41.702,2026-04-19 06:02:41.702,03:42:00,True,2026-04-19 02:20:41.702,2026-04-19 06:02:41.702,222.0,3.7,False,222.0,0.0,True,DEL → BLR,NONE
UK085,VISTARA,MAA,DEL,2026-04-19 02:15:41.702,2026-04-19 03:17:41.702,01:02:00,True,2026-04-19 02:15:41.702,2026-04-19 03:17:41.702,62.0,1.03,False,62.0,0.0,True,MAA → DEL,NONE
6F079,INDIGO,MAA,HYD,2026-04-19 02:14:41.702,2026-04-19 06:18:41.702,04:04:00,False,2026-04-19 02:14:41.702,2026-04-19 06:18:41.702,244.0,4.07,False,244.0,0.0,True,MAA → HYD,INVALID_FLIGHT_ID
SJ032,SPICEJET,MAA,BOM,2026-04-19 02:11:41.701,2026-04-19 04:33:41.701,02:22:00,True,2026-04-19 02:11:41.701,2026-04-19 04:33:41.701,142.0,2.37,False,142.0,0.0,True,MAA → BOM,NONE
6F182,INDIGO,BOM,CCU,2026-04-19 02:10:41.703,2026-04-19 04:18:41.703,02:08:00,False,2026-04-19 02:10:41.703,2026-04-19 04:18:41.703,128.0,2.13,False,128.0,0.0,True,BOM → CCU,INVALID_FLIGHT_ID
AI106,AIR INDIA,HYD,BLR,2026-04-19 02:07:41.702,2026-04-19 03:20:41.702,01:13:00,True,2026-04-19 02:07:41.702,2026-04-19 03:20:41.702,73.0,1.22,False,73.0,0.0,True,HYD → BLR,NONE
AI200,AIR INDIA,HYD,MAA,2026-04-19 02:05:41.703,2026-04-19 05:29:41.703,03:24:00,True,2026-04-19 02:05:41.703,2026-04-19 05:29:41.703,204.0,3.4,False,204.0,0.0,True,HYD → MAA,NONE
6F142,INDIGO,CCU,MAA,2026-04-19 02:05:41.702,2026-04-19 06:04:41.702,03:59:00,False,2026-04-19 02:05:41.702,2026-04-19 06:04:41.702,239.0,3.98,False,239.0,0.0,True,CCU → MAA,INVALID_FLIGHT_ID
SJ079,SPICEJET,HYD,DEL,2026-04-19 01:58:41.702,2026-04-19 05:02:41.702,03:04:00,True,2026-04-19 01:58:41.702,2026-04-19 05:02:41.702,184.0,3.07,False,184.0,0.0,True,HYD → DEL,NONE
SJ082,SPICEJET,BOM,DEL,2026-04-19 01:54:41.702,2026-04-19 02:33:41.702,00:39:00,True,2026-04-19 01:54:41.702,2026-04-19 02:33:41.702,39.0,0.65,False,39.0,0.0,True,BOM → DEL,NONE
SJ110,SPICEJET,CCU,DEL,2026-04-19 01:47:41.702,2026-04-19 02:20:41.702,00:33:00,True,2026-04-19 01:47:41.702,2026-04-19 02:20:41.702,33.0,0.55,False,33.0,0.0,True,CCU → DEL,NONE
6F262,UNKNOWN,MAA,DEL,2026-04-19 01:44:41.702,2026-04-19 02:47:41.702,01:03:00,False,2026-04-19 01:44:41.702,2026-04-19 02:47:41.702,63.0,1.05,False,63.0,0.0,True,MAA → DEL,INVALID_FLIGHT_ID
UK143,VISTARA,BLR,BOM,2026-04-19 01:34:41.703,2026-04-19 02:48:41.703,01:14:00,True,2026-04-19 01:34:41.703,2026-04-19 02:48:41.703,74.0,1.23,False,74.0,0.0,True,BLR → BOM,NONE
6F269,UNKNOWN,HYD,MAA,2026-04-19 01:30:41.702,2026-04-19 02:52:41.702,01:22:00,False,2026-04-19 01:30:41.702,2026-04-19 02:52:41.702,82.0,1.37,False,82.0,0.0,True,HYD → MAA,INVALID_FLIGHT_ID
6F214,INDIGO,BOM,CCU,2026-04-19 01:21:41.703,2026-04-19 05:20:41.703,03:59:00,False,2026-04-19 01:21:41.703,2026-04-19 05:20:41.703,239.0,3.98,False,239.0,0.0,True,BOM → CCU,INVALID_FLIGHT_ID
SJ213,SPICEJET,BOM,CCU,2026-04-19 01:19:41.703,2026-04-19 04:48:41.703,03:29:00,True,2026-04-19 01:19:41.703,2026-04-19 04:48:41.703,209.0,3.48,False,209.0,0.0,True,BOM → CCU,NONE
SJ072,SPICEJET,DEL,HYD,2026-04-19 01:18:41.701,2026-04-19 04:08:41.701,02:50:00,True,2026-04-19 01:18:41.701,2026-04-19 04:08:41.701,170.0,2.83,False,170.0,0.0,True,DEL → HYD,NONE
6F059,INDIGO,BOM,DEL,2026-04-19 01:12:41.701,2026-04-19 06:02:41.701,04:50:00,False,2026-04-19 01:12:41.701,2026-04-19 06:02:41.701,290.0,4.83,False,290.0,0.0,True,BOM → DEL,INVALID_FLIGHT_ID
UK202,VISTARA,DEL,HYD,2026-04-19 01:11:41.703,2026-04-19 05:37:41.703,04:26:00,True,2026-04-19 01:11:41.703,2026-04-19 05:37:41.703,266.0,4.43,False,266.0,0.0,True,DEL → HYD,NONE
UK037,VISTARA,BLR,BOM,2026-04-19 01:10:41.701,2026-04-19 05:12:41.701,04:02:00,True,2026-04-19 01:10:41.701,2026-04-19 05:12:41.701,242.0,4.03,False,242.0,0.0,True,BLR → BOM,NONE
UK069,VISTARA,CCU,DEL,2026-04-19 01:10:41.701,2026-04-19 03:23:41.701,02:13:00,True,2026-04-19 01:10:41.701,2026-04-19 03:23:41.701,133.0,2.22,False,133.0,0.0,True,CCU → DEL,NONE
SJ118,SPICEJET,DEL,BOM,2026-04-19 01:08:41.702,2026-04-19 02:33:41.702,01:25:00,True,2026-04-19 01:08:41.702,2026-04-19 02:33:41.702,85.0,1.42,False,85.0,0.0,True,DEL → BOM,NONE
6F145,INDIGO,CCU,DEL,2026-04-19 01:02:41.703,2026-04-19 02:18:41.703,01:16:00,False,2026-04-19 01:02:41.703,2026-04-19 02:18:41.703,76.0,1.27,False,76.0,0.0,True,CCU → DEL,INVALID_FLIGHT_ID
UK097,VISTARA,HYD,BOM,2026-04-19 00:49:41.702,2026-04-19 05:00:41.702,04:11:00,True,2026-04-19 00:49:41.702,2026-04-19 05:00:41.702,251.0,4.18,False,251.0,0.0,True,HYD → BOM,NONE
6F117,INDIGO,CCU,DEL,2026-04-19 00:46:41.702,2026-04-19 01:51:41.702,01:05:00,False,2026-04-19 00:46:41.702,2026-04-19 01:51:41.702,65.0,1.08,False,65.0,0.0,True,CCU → DEL,INVALID_FLIGHT_ID
6F226,INDIGO,DEL,BOM,2026-04-19 00:38:41.704,2026-04-19 02:55:41.704,02:17:00,False,2026-04-19 00:38:41.704,2026-04-19 02:55:41.704,137.0,2.28,False,137.0,0.0,True,DEL → BOM,INVALID_FLIGHT_ID
6F050,INDIGO,DEL,BOM,2026-04-19 00:35:41.701,2026-04-19 04:32:41.701,03:57:00,False,2026-04-19 00:35:41.701,2026-04-19 04:32:41.701,237.0,3.95,False,237.0,0.0,True,DEL → BOM,INVALID_FLIGHT_ID
UK196,VISTARA,BOM,HYD,2026-04-19 00:32:41.703,2026-04-19 04:49:41.703,04:17:00,True,2026-04-19 00:32:41.703,2026-04-19 04:49:41.703,257.0,4.28,False,257.0,0.0,True,BOM → HYD,NONE
SJ086,SPICEJET,CCU,DEL,2026-04-19 00:32:41.702,2026-04-19 04:17:41.702,03:45:00,True,2026-04-19 00:32:41.702,2026-04-19 04:17:41.702,225.0,3.75,False,225.0,0.0,True,CCU → DEL,NONE
AI134,AIR INDIA,HYD,BOM,2026-04-19 00:28:41.702,2026-04-19 04:23:41.702,03:55:00,True,2026-04-19 00:28:41.702,2026-04-19 04:23:41.702,235.0,3.92,False,235.0,0.0,True,HYD → BOM,NONE
AI043,AIR INDIA,CCU,DEL,2026-04-19 00:28:41.701,2026-04-19 04:37:41.701,04:09:00,True,2026-04-19 00:28:41.701,2026-04-19 04:37:41.701,249.0,4.15,False,249.0,0.0,True,CCU → DEL,NONE
UK119,VISTARA,BOM,CCU,2026-04-19 00:21:41.702,2026-04-19 04:38:41.702,04:17:00,True,2026-04-19 00:21:41.702,2026-04-19 04:38:41.702,257.0,4.28,False,257.0,0.0,True,BOM → CCU,NONE
SJ181,SPICEJET,BOM,BLR,2026-04-19 00:20:41.703,2026-04-19 01:49:41.703,01:29:00,True,2026-04-19 00:20:41.703,2026-04-19 01:49:41.703,89.0,1.48,False,89.0,0.0,True,BOM → BLR,NONE
AI070,AIR INDIA,CCU,DEL,2026-04-19 00:05:41.702,2026-04-19 01:44:41.702,01:39:00,True,2026-04-19 00:05:41.702,2026-04-19 01:44:41.702,99.0,1.65,False,99.0,0.0,True,CCU → DEL,NONE
6F233,INDIGO,BLR,BOM,2026-04-18 23:56:41.704,2026-04-19 03:53:41.704,03:57:00,False,2026-04-18 23:56:41.704,2026-04-19 03:53:41.704,237.0,3.95,True,237.0,0.0,True,BLR → BOM,INVALID_FLIGHT_ID
UK013,VISTARA,BOM,MAA,2026-04-18 23:52:41.701,2026-04-19 02:52:41.701,03:00:00,True,2026-04-18 23:52:41.701,2026-04-19 02:52:41.701,180.0,3.0,True,180.0,0.0,True,BOM → MAA,NONE
6F015,INDIGO,BOM,CCU,2026-04-18 23:39:41.701,2026-04-19 02:27:41.701,02:48:00,False,2026-04-18 23:39:41.701,2026-04-19 02:27:41.701,168.0,2.8,True,168.0,0.0,True,BOM → CCU,INVALID_FLIGHT_ID
SJ247,SPICEJET,DEL,BOM,2026-04-18 23:38:41.704,2026-04-19 03:43:41.704,04:05:00,True,2026-04-18 23:38:41.704,2026-04-19 03:43:41.704,245.0,4.08,True,245.0,0.0,True,DEL → BOM,NONE
AI067,AIR INDIA,HYD,DEL,2026-04-18 23:36:41.701,2026-04-19 03:09:41.701,03:33:00,True,2026-04-18 23:36:41.701,2026-04-19 03:09:41.701,213.0,3.55,True,213.0,0.0,True,HYD → DEL,NONE
AI211,AIR INDIA,DEL,CCU,2026-04-18 23:34:41.703,2026-04-19 01:21:41.703,01:47:00,True,2026-04-18 23:34:41.703,2026-04-19 01:21:41.703,107.0,1.78,True,107.0,0.0,True,DEL → CCU,NONE
UK029,VISTARA,DEL,BOM,2026-04-18 23:26:41.701,2026-04-19 02:15:41.701,02:49:00,True,2026-04-18 23:26:41.701,2026-04-19 02:15:41.701,169.0,2.82,True,169.0,0.0,True,DEL → BOM,NONE
SJ200,SPICEJET,BOM,DEL,2026-04-18 23:24:41.703,2026-04-19 02:11:41.703,02:47:00,True,2026-04-18 23:24:41.703,2026-04-19 02:11:41.703,167.0,2.78,True,167.0,0.0,True,BOM → DEL,NONE
6F087,INDIGO,DEL,HYD,2026-04-18 23:24:41.702,2026-04-19 03:10:41.702,03:46:00,False,2026-04-18 23:24:41.702,2026-04-19 03:10:41.702,226.0,3.77,True,226.0,0.0,True,DEL → HYD,INVALID_FLIGHT_ID
SJ210,SPICEJET,HYD,CCU,2026-04-18 23:21:41.703,2026-04-19 02:54:41.703,03:33:00,True,2026-04-18 23:21:41.703,2026-04-19 02:54:41.703,213.0,3.55,True,213.0,0.0,True,HYD → CCU,NONE
AI101,AIR INDIA,DEL,BLR,2026-04-18 23:20:41.702,2026-04-19 02:23:41.702,03:03:00,True,2026-04-18 23:20:41.702,2026-04-19 02:23:41.702,183.0,3.05,True,183.0,0.0,True,DEL → BLR,NONE
UK075,VISTARA,MAA,CCU,2026-04-18 23:15:41.702,2026-04-19 03:54:41.702,04:39:00,True,2026-04-18 23:15:41.702,2026-04-19 03:54:41.702,279.0,4.65,True,279.0,0.0,True,MAA → CCU,NONE
SJ091,SPICEJET,BLR,CCU,2026-04-18 23:10:41.702,2026-04-19 00:47:41.702,01:37:00,True,2026-04-18 23:10:41.702,2026-04-19 00:47:41.702,97.0,1.62,True,97.0,0.0,True,BLR → CCU,NONE
AI251,AIR INDIA,MAA,DEL,2026-04-18 22:40:41.704,2026-04-18 23:24:41.704,00:44:00,True,2026-04-18 22:40:41.704,2026-04-18 23:24:41.704,44.0,0.73,False,44.0,0.0,True,MAA → DEL,NONE
SJ042,SPICEJET,HYD,CCU,2026-04-18 22:38:41.701,2026-04-19 02:20:41.701,03:42:00,True,2026-04-18 22:38:41.701,2026-04-19 02:20:41.701,222.0,3.7,True,222.0,0.0,True,HYD → CCU,NONE
UK126,VISTARA,CCU,DEL,2026-04-18 22:37:41.702,2026-04-19 00:03:41.702,01:26:00,True,2026-04-18 22:37:41.702,2026-04-19 00:03:41.702,86.0,1.43,True,86.0,0.0,True,CCU → DEL,NONE
6F042,INDIGO,HYD,DEL,2026-04-18 22:35:41.701,2026-04-19 02:41:41.701,04:06:00,False,2026-04-18 22:35:41.701,2026-04-19 02:41:41.701,246.0,4.1,True,246.0,0.0,True,HYD → DEL,INVALID_FLIGHT_ID
AI116,AIR INDIA,CCU,BOM,2026-04-18 22:30:41.702,2026-04-19 01:57:41.702,03:27:00,True,2026-04-18 22:30:41.702,2026-04-19 01:57:41.702,207.0,3.45,True,207.0,0.0,True,CCU → BOM,NONE
SJ209,SPICEJET,BLR,BOM,2026-04-18 22:22:41.703,2026-04-19 02:03:41.703,03:41:00,True,2026-04-18 22:22:41.703,2026-04-19 02:03:41.703,221.0,3.68,True,221.0,0.0,True,BLR → BOM,NONE
AI123,AIR INDIA,MAA,BOM,2026-04-18 22:19:41.702,2026-04-19 00:45:41.702,02:26:00,True,2026-04-18 22:19:41.702,2026-04-19 00:45:41.702,146.0,2.43,True,146.0,0.0,True,MAA → BOM,NONE
6F016,INDIGO,HYD,BOM,2026-04-18 22:18:41.701,2026-04-18 22:54:41.701,00:36:00,False,2026-04-18 22:18:41.701,2026-04-18 22:54:41.701,36.0,0.6,False,36.0,0.0,True,HYD → BOM,INVALID_FLIGHT_ID
UK012,VISTARA,MAA,BOM,2026-04-18 22:16:41.701,2026-04-19 00:25:41.701,02:09:00,True,2026-04-18 22:16:41.701,2026-04-19 00:25:41.701,129.0,2.15,True,129.0,0.0,True,MAA → BOM,NONE
SJ188,SPICEJET,BLR,BOM,2026-04-18 22:15:41.703,2026-04-18 22:55:41.703,00:40:00,True,2026-04-18 22:15:41.703,2026-04-18 22:55:41.703,40.0,0.67,False,40.0,0.0,True,BLR → BOM,NONE
UK096,VISTARA,BLR,HYD,2026-04-18 22:11:41.702,2026-04-19 00:06:41.702,01:55:00,True,2026-04-18 22:11:41.702,2026-04-19 00:06:41.702,115.0,1.92,True,115.0,0.0,True,BLR → HYD,NONE
SJ046,SPICEJET,BOM,MAA,2026-04-18 22:01:41.701,2026-04-19 01:25:41.701,03:24:00,True,2026-04-18 22:01:41.701,2026-04-19 01:25:41.701,204.0,3.4,True,204.0,0.0,True,BOM → MAA,NONE
UK081,UNKNOWN,BLR,DEL,2026-04-18 22:00:41.702,2026-04-18 23:00:41.702,01:00:00,True,2026-04-18 22:00:41.702,2026-04-18 23:00:41.702,60.0,1.0,False,60.0,0.0,True,BLR → DEL,NONE
UK191,VISTARA,MAA,BLR,2026-04-18 21:51:41.703,2026-04-18 22:57:41.703,01:06:00,True,2026-04-18 21:51:41.703,2026-04-18 22:57:41.703,66.0,1.1,False,66.0,0.0,True,MAA → BLR,NONE
6F064,INDIGO,CCU,DEL,2026-04-18 21:45:41.701,2026-04-18 22:50:41.701,01:05:00,False,2026-04-18 21:45:41.701,2026-04-18 22:50:41.701,65.0,1.08,False,65.0,0.0,True,CCU → DEL,INVALID_FLIGHT_ID
AI005,AIR INDIA,DEL,CCU,2026-04-18 21:24:41.701,2026-04-18 22:11:41.701,00:47:00,True,2026-04-18 21:24:41.701,2026-04-18 22:11:41.701,47.0,0.78,False,47.0,0.0,True,DEL → CCU,NONE
6F021,INDIGO,BLR,MAA,2026-04-18 21:23:41.701,2026-04-19 01:25:41.701,04:02:00,False,2026-04-18 21:23:41.701,2026-04-19 01:25:41.701,242.0,4.03,True,242.0,0.0,True,BLR → MAA,INVALID_FLIGHT_ID
AI169,AIR INDIA,CCU,DEL,2026-04-18 21:21:41.703,2026-04-19 01:34:41.703,04:13:00,True,2026-04-18 21:21:41.703,2026-04-19 01:34:41.703,253.0,4.22,True,253.0,0.0,True,CCU → DEL,NONE
UK035,VISTARA,HYD,BOM,2026-04-18 21:08:41.701,2026-04-18 22:24:41.701,01:16:00,True,2026-04-18 21:08:41.701,2026-04-18 22:24:41.701,76.0,1.27,False,76.0,0.0,True,HYD → BOM,NONE
AI040,AIR INDIA,HYD,BLR,2026-04-18 21:01:41.701,2026-04-18 22:42:41.701,01:41:00,True,2026-04-18 21:01:41.701,2026-04-18 22:42:41.701,101.0,1.68,False,101.0,0.0,True,HYD → BLR,NONE
UK042,VISTARA,MAA,BOM,2026-04-18 20:59:41.701,2026-04-19 01:38:41.701,04:39:00,True,2026-04-18 20:59:41.701,2026-04-19 01:38:41.701,279.0,4.65,True,279.0,0.0,True,MAA → BOM,NONE
SJ171,SPICEJET,DEL,HYD,2026-04-18 20:52:41.703,2026-04-18 23:52:41.703,03:00:00,True,2026-04-18 20:52:41.703,2026-04-18 23:52:41.703,180.0,3.0,False,180.0,0.0,True,DEL → HYD,NONE
AI250,UNKNOWN,BOM,CCU,2026-04-18 20:48:41.704,2026-04-19 00:12:41.704,03:24:00,True,2026-04-18 20:48:41.704,2026-04-19 00:12:41.704,204.0,3.4,True,204.0,0.0,True,BOM → CCU,NONE
SJ195,SPICEJET,BOM,CCU,2026-04-18 20:41:41.703,2026-04-18 23:54:41.703,03:13:00,True,2026-04-18 20:41:41.703,2026-04-18 23:54:41.703,193.0,3.22,False,193.0,0.0,True,BOM → CCU,NONE
UK211,VISTARA,MAA,CCU,2026-04-18 20:39:41.704,2026-04-18 22:02:41.704,01:23:00,True,2026-04-18 20:39:41.704,2026-04-18 22:02:41.704,83.0,1.38,False,83.0,0.0,True,MAA → CCU,NONE
UK122,VISTARA,HYD,CCU,2026-04-18 20:29:42.000,2026-04-18 23:29:42.000,03:00:00,True,2026-04-18 20:29:42.000,2026-04-18 23:29:42.000,180.0,3.0,False,180.0,0.0,True,HYD → CCU,NONE
AI136,AIR INDIA,BLR,DEL,2026-04-18 20:29:41.702,2026-04-18 23:48:41.702,03:19:00,True,2026-04-18 20:29:41.702,2026-04-18 23:48:41.702,199.0,3.32,False,199.0,0.0,True,BLR → DEL,NONE
6F141,INDIGO,BOM,CCU,2026-04-18 20:26:41.702,2026-04-18 22:28:41.702,02:02:00,False,2026-04-18 20:26:41.702,2026-04-18 22:28:41.702,122.0,2.03,False,122.0,0.0,True,BOM → CCU,INVALID_FLIGHT_ID
6F053,INDIGO,DEL,HYD,2026-04-18 20:26:41.701,2026-04-19 00:39:41.701,04:13:00,False,2026-04-18 20:26:41.701,2026-04-19 00:39:41.701,253.0,4.22,True,253.0,0.0,True,DEL → HYD,INVALID_FLIGHT_ID
6F136,INDIGO,CCU,DEL,2026-04-18 20:24:41.702,2026-04-18 21:01:41.702,00:37:00,False,2026-04-18 20:24:41.702,2026-04-18 21:01:41.702,37.0,0.62,False,37.0,0.0,True,CCU → DEL,INVALID_FLIGHT_ID
6F009,INDIGO,BLR,CCU,2026-04-18 20:21:41.701,2026-04-18 23:36:41.701,03:15:00,False,2026-04-18 20:21:41.701,2026-04-18 23:36:41.701,195.0,3.25,False,195.0,0.0,True,BLR → CCU,INVALID_FLIGHT_ID
6F023,INDIGO,MAA,BLR,2026-04-18 20:18:41.701,2026-04-19 00:14:41.701,03:56:00,False,2026-04-18 20:18:41.701,2026-04-19 00:14:41.701,236.0,3.93,True,236.0,0.0,True,MAA → BLR,INVALID_FLIGHT_ID
UK006,VISTARA,MAA,CCU,2026-04-18 20:16:41.701,2026-04-18 21:55:41.701,01:39:00,True,2026-04-18 20:16:41.701,2026-04-18 21:55:41.701,99.0,1.65,False,99.0,0.0,True,MAA → CCU,NONE
SJ165,SPICEJET,CCU,BOM,2026-04-18 20:08:41.703,2026-04-18 23:18:41.703,03:10:00,True,2026-04-18 20:08:41.703,2026-04-18 23:18:41.703,190.0,3.17,False,190.0,0.0,True,CCU → BOM,NONE
6F189,INDIGO,MAA,BLR,2026-04-18 20:08:41.703,2026-04-18 21:51:41.703,01:43:00,False,2026-04-18 20:08:41.703,2026-04-18 21:51:41.703,103.0,1.72,False,103.0,0.0,True,MAA → BLR,INVALID_FLIGHT_ID
AI131,AIR INDIA,MAA,BOM,2026-04-18 19:55:41.702,2026-04-18 22:35:41.702,02:40:00,True,2026-04-18 19:55:41.702,2026-04-18 22:35:41.702,160.0,2.67,False,160.0,0.0,True,MAA → BOM,NONE
6F004,INDIGO,BOM,CCU,2026-04-18 19:53:41.701,2026-04-18 23:33:41.701,03:40:00,False,2026-04-18 19:53:41.701,2026-04-18 23:33:41.701,220.0,3.67,False,220.0,0.0,True,BOM → CCU,INVALID_FLIGHT_ID
AI027,AIR INDIA,BOM,MAA,2026-04-18 19:41:41.701,2026-04-18 23:23:41.701,03:42:00,True,2026-04-18 19:41:41.701,2026-04-18 23:23:41.701,222.0,3.7,False,222.0,0.0,True,BOM → MAA,NONE
AI238,AIR INDIA,CCU,MAA,2026-04-18 19:25:41.704,2026-04-19 00:07:41.704,04:42:00,True,2026-04-18 19:25:41.704,2026-04-19 00:07:41.704,282.0,4.7,True,282.0,0.0,True,CCU → MAA,NONE
SJ105,SPICEJET,BOM,HYD,2026-04-18 19:22:41.702,2026-04-18 22:48:41.702,03:26:00,True,2026-04-18 19:22:41.702,2026-04-18 22:48:41.702,206.0,3.43,False,206.0,0.0,True,BOM → HYD,NONE
UK088,UNKNOWN,MAA,BLR,2026-04-18 19:16:41.702,2026-04-18 23:36:41.702,04:20:00,True,2026-04-18 19:16:41.702,2026-04-18 23:36:41.702,260.0,4.33,False,260.0,0.0,True,MAA → BLR,NONE
6F035,INDIGO,CCU,HYD,2026-04-18 19:16:41.701,2026-04-18 23:40:41.701,04:24:00,False,2026-04-18 19:16:41.701,2026-04-18 23:40:41.701,264.0,4.4,False,264.0,0.0,True,CCU → HYD,INVALID_FLIGHT_ID
AI133,AIR INDIA,DEL,CCU,2026-04-18 19:12:41.702,2026-04-18 21:32:41.702,02:20:00,True,2026-04-18 19:12:41.702,2026-04-18 21:32:41.702,140.0,2.33,False,140.0,0.0,True,DEL → CCU,NONE
AI001,AIR INDIA,DEL,HYD,2026-04-18 19:00:41.700,2026-04-18 22:03:41.700,03:03:00,True,2026-04-18 19:00:41.700,2026-04-18 22:03:41.700,183.0,3.05,False,183.0,0.0,True,DEL → HYD,NONE
SJ133,SPICEJET,BOM,CCU,2026-04-18 18:50:41.702,2026-04-18 21:29:41.702,02:39:00,True,2026-04-18 18:50:41.702,2026-04-18 21:29:41.702,159.0,2.65,False,159.0,0.0,True,BOM → CCU,NONE
SJ216,SPICEJET,BOM,CCU,2026-04-18 18:35:41.703,2026-04-18 21:31:41.703,02:56:00,True,2026-04-18 18:35:41.703,2026-04-18 21:31:41.703,176.0,2.93,False,176.0,0.0,True,BOM → CCU,NONE
SJ225,UNKNOWN,DEL,HYD,2026-04-18 18:16:41.704,2026-04-18 20:53:41.704,02:37:00,True,2026-04-18 18:16:41.704,2026-04-18 20:53:41.704,157.0,2.62,False,157.0,0.0,True,DEL → HYD,NONE
AI147,AIR INDIA,HYD,CCU,2026-04-18 18:14:41.703,2026-04-18 20:10:41.703,01:56:00,True,2026-04-18 18:14:41.703,2026-04-18 20:10:41.703,116.0,1.93,False,116.0,0.0,True,HYD → CCU,NONE
SJ054,SPICEJET,MAA,BLR,2026-04-18 18:13:41.701,2026-04-18 22:46:41.701,04:33:00,True,2026-04-18 18:13:41.701,2026-04-18 22:46:41.701,273.0,4.55,False,273.0,0.0,True,MAA → BLR,NONE
6F197,INDIGO,BOM,BLR,2026-04-18 17:59:41.703,2026-04-18 22:44:41.703,04:45:00,False,2026-04-18 17:59:41.703,2026-04-18 22:44:41.703,285.0,4.75,False,285.0,0.0,True,BOM → BLR,INVALID_FLIGHT_ID
SJ066,SPICEJET,HYD,CCU,2026-04-18 17:47:41.701,2026-04-18 19:03:41.701,01:16:00,True,2026-04-18 17:47:41.701,2026-04-18 19:03:41.701,76.0,1.27,False,76.0,0.0,True,HYD → CCU,NONE
SJ183,SPICEJET,CCU,DEL,2026-04-18 17:44:41.703,2026-04-18 19:40:41.703,01:56:00,True,2026-04-18 17:44:41.703,2026-04-18 19:40:41.703,116.0,1.93,False,116.0,0.0,True,CCU → DEL,NONE
SJ151,SPICEJET,BOM,CCU,2026-04-18 17:44:41.702,2026-04-18 19:16:41.702,01:32:00,True,2026-04-18 17:44:41.702,2026-04-18 19:16:41.702,92.0,1.53,False,92.0,0.0,True,BOM → CCU,NONE
SJ071,SPICEJET,CCU,MAA,2026-04-18 17:43:41.701,2026-04-18 19:32:41.701,01:49:00,True,2026-04-18 17:43:41.701,2026-04-18 19:32:41.701,109.0,1.82,False,109.0,0.0,True,CCU → MAA,NONE
SJ102,SPICEJET,MAA,CCU,2026-04-18 17:26:41.702,2026-04-18 18:58:41.702,01:32:00,True,2026-04-18 17:26:41.702,2026-04-18 18:58:41.702,92.0,1.53,False,92.0,0.0,True,MAA → CCU,NONE
AI209,AIR INDIA,BLR,CCU,2026-04-18 17:25:41.703,2026-04-18 18:37:41.703,01:12:00,True,2026-04-18 17:25:41.703,2026-04-18 18:37:41.703,72.0,1.2,False,72.0,0.0,True,BLR → CCU,NONE
6F111,INDIGO,HYD,DEL,2026-04-18 17:09:41.702,2026-04-18 20:02:41.702,02:53:00,False,2026-04-18 17:09:41.702,2026-04-18 20:02:41.702,173.0,2.88,False,173.0,0.0,True,HYD → DEL,INVALID_FLIGHT_ID
AI050,AIR INDIA,BLR,BOM,2026-04-18 17:07:41.701,2026-04-18 19:42:41.701,02:35:00,True,2026-04-18 17:07:41.701,2026-04-18 19:42:41.701,155.0,2.58,False,155.0,0.0,True,BLR → BOM,NONE
SJ189,SPICEJET,HYD,BLR,2026-04-18 17:05:41.703,2026-04-18 22:01:41.703,04:56:00,True,2026-04-18 17:05:41.703,2026-04-18 22:01:41.703,296.0,4.93,False,296.0,0.0,True,HYD → BLR,NONE
UK112,UNKNOWN,CCU,DEL,2026-04-18 17:05:41.702,2026-04-18 19:47:41.702,02:42:00,True,2026-04-18 17:05:41.702,2026-04-18 19:47:41.702,162.0,2.7,False,162.0,0.0,True,CCU → DEL,NONE
6F171,INDIGO,DEL,BLR,2026-04-18 17:03:41.703,2026-04-18 18:12:41.703,01:09:00,False,2026-04-18 17:03:41.703,2026-04-18 18:12:41.703,69.0,1.15,False,69.0,0.0,True,DEL → BLR,INVALID_FLIGHT_ID
AI011,AIR INDIA,CCU,BOM,2026-04-18 16:58:41.701,2026-04-18 21:01:41.701,04:03:00,True,2026-04-18 16:58:41.701,2026-04-18 21:01:41.701,243.0,4.05,False,243.0,0.0,True,CCU → BOM,NONE
6F027,INDIGO,BLR,DEL,2026-04-18 16:52:41.701,2026-04-18 18:21:41.701,01:29:00,False,2026-04-18 16:52:41.701,2026-04-18 18:21:41.701,89.0,1.48,False,89.0,0.0,True,BLR → DEL,INVALID_FLIGHT_ID
UK082,VISTARA,DEL,BOM,2026-04-18 16:50:41.702,2026-04-18 21:21:41.702,04:31:00,True,2026-04-18 16:50:41.702,2026-04-18 21:21:41.702,271.0,4.52,False,271.0,0.0,True,DEL → BOM,NONE
UK138,VISTARA,DEL,BLR,2026-04-18 16:47:41.703,2026-04-18 19:36:41.703,02:49:00,True,2026-04-18 16:47:41.703,2026-04-18 19:36:41.703,169.0,2.82,False,169.0,0.0,True,DEL → BLR,NONE
UK198,VISTARA,DEL,BLR,2026-04-18 16:43:41.703,2026-04-18 18:18:41.703,01:35:00,True,2026-04-18 16:43:41.703,2026-04-18 18:18:41.703,95.0,1.58,False,95.0,0.0,True,DEL → BLR,NONE
6F039,INDIGO,MAA,CCU,2026-04-18 16:43:41.701,2026-04-18 21:01:41.701,04:18:00,False,2026-04-18 16:43:41.701,2026-04-18 21:01:41.701,258.0,4.3,False,258.0,0.0,True,MAA → CCU,INVALID_FLIGHT_ID
6F157,INDIGO,MAA,CCU,2026-04-18 16:37:41.703,2026-04-18 18:04:41.703,01:27:00,False,2026-04-18 16:37:41.703,2026-04-18 18:04:41.703,87.0,1.45,False,87.0,0.0,True,MAA → CCU,INVALID_FLIGHT_ID
SJ024,SPICEJET,DEL,MAA,2026-04-18 16:29:41.701,2026-04-18 20:21:41.701,03:52:00,True,2026-04-18 16:29:41.701,2026-04-18 20:21:41.701,232.0,3.87,False,232.0,0.0,True,DEL → MAA,NONE
6F167,INDIGO,BLR,BOM,2026-04-18 16:26:41.703,2026-04-18 17:50:41.703,01:24:00,False,2026-04-18 16:26:41.703,2026-04-18 17:50:41.703,84.0,1.4,False,84.0,0.0,True,BLR → BOM,INVALID_FLIGHT_ID
AI197,AIR INDIA,BOM,CCU,2026-04-18 16:25:41.703,2026-04-18 20:00:41.703,03:35:00,True,2026-04-18 16:25:41.703,2026-04-18 20:00:41.703,215.0,3.58,False,215.0,0.0,True,BOM → CCU,NONE
SJ211,SPICEJET,MAA,BOM,2026-04-18 16:22:41.703,2026-04-18 18:34:41.703,02:12:00,True,2026-04-18 16:22:41.703,2026-04-18 18:34:41.703,132.0,2.2,False,132.0,0.0,True,MAA → BOM,NONE
6F055,INDIGO,DEL,CCU,2026-04-18 16:21:41.701,2026-04-18 18:49:41.701,02:28:00,False,2026-04-18 16:21:41.701,2026-04-18 18:49:41.701,148.0,2.47,False,148.0,0.0,True,DEL → CCU,INVALID_FLIGHT_ID
AI253,AIR INDIA,BLR,BOM,2026-04-18 16:13:41.704,2026-04-18 19:51:41.704,03:38:00,True,2026-04-18 16:13:41.704,2026-04-18 19:51:41.704,218.0,3.63,False,218.0,0.0,True,BLR → BOM,NONE
UK060,VISTARA,BLR,CCU,2026-04-18 16:09:41.701,2026-04-18 19:42:41.701,03:33:00,True,2026-04-18 16:09:41.701,2026-04-18 19:42:41.701,213.0,3.55,False,213.0,0.0,True,BLR → CCU,NONE
6F257,UNKNOWN,MAA,CCU,2026-04-18 16:04:41.704,2026-04-18 19:55:41.704,03:51:00,False,2026-04-18 16:04:41.704,2026-04-18 19:55:41.704,231.0,3.85,False,231.0,0.0,True,MAA → CCU,INVALID_FLIGHT_ID
SJ135,SPICEJET,MAA,CCU,2026-04-18 16:03:41.702,2026-04-18 19:48:41.702,03:45:00,True,2026-04-18 16:03:41.702,2026-04-18 19:48:41.702,225.0,3.75,False,225.0,0.0,True,MAA → CCU,NONE
AI247,AIR INDIA,BOM,CCU,2026-04-18 15:58:41.704,2026-04-18 19:02:41.704,03:04:00,True,2026-04-18 15:58:41.704,2026-04-18 19:02:41.704,184.0,3.07,False,184.0,0.0,True,BOM → CCU,NONE
UK127,VISTARA,BOM,HYD,2026-04-18 15:56:41.702,2026-04-18 20:00:41.702,04:04:00,True,2026-04-18 15:56:41.702,2026-04-18 20:00:41.702,244.0,4.07,False,244.0,0.0,True,BOM → HYD,NONE
AI109,AIR INDIA,BLR,BOM,2026-04-18 15:53:41.702,2026-04-18 20:14:41.702,04:21:00,True,2026-04-18 15:53:41.702,2026-04-18 20:14:41.702,261.0,4.35,False,261.0,0.0,True,BLR → BOM,NONE
AI057,AIR INDIA,BOM,CCU,2026-04-18 15:53:41.701,2026-04-18 19:22:41.701,03:29:00,True,2026-04-18 15:53:41.701,2026-04-18 19:22:41.701,209.0,3.48,False,209.0,0.0,True,BOM → CCU,NONE
6F103,INDIGO,CCU,MAA,2026-04-18 15:37:41.702,2026-04-18 18:32:41.702,02:55:00,False,2026-04-18 15:37:41.702,2026-04-18 18:32:41.702,175.0,2.92,False,175.0,0.0,True,CCU → MAA,INVALID_FLIGHT_ID
SJ144,SPICEJET,BLR,BOM,2026-04-18 15:35:41.702,2026-04-18 19:12:41.702,03:37:00,True,2026-04-18 15:35:41.702,2026-04-18 19:12:41.702,217.0,3.62,False,217.0,0.0,True,BLR → BOM,NONE
6F076,INDIGO,CCU,HYD,2026-04-18 15:35:41.702,2026-04-18 16:20:41.702,00:45:00,False,2026-04-18 15:35:41.702,2026-04-18 16:20:41.702,45.0,0.75,False,45.0,0.0,True,CCU → HYD,INVALID_FLIGHT_ID
6F240,INDIGO,DEL,HYD,2026-04-18 15:31:41.704,2026-04-18 19:56:41.704,04:25:00,False,2026-04-18 15:31:41.704,2026-04-18 19:56:41.704,265.0,4.42,False,265.0,0.0,True,DEL → HYD,INVALID_FLIGHT_ID
UK057,VISTARA,CCU,DEL,2026-04-18 15:25:41.701,2026-04-18 20:04:41.701,04:39:00,True,2026-04-18 15:25:41.701,2026-04-18 20:04:41.701,279.0,4.65,False,279.0,0.0,True,CCU → DEL,NONE
AI201,AIR INDIA,BLR,CCU,2026-04-18 15:19:41.703,2026-04-18 16:40:41.703,01:21:00,True,2026-04-18 15:19:41.703,2026-04-18 16:40:41.703,81.0,1.35,False,81.0,0.0,True,BLR → CCU,NONE
SJ242,SPICEJET,BLR,HYD,2026-04-18 14:55:41.704,2026-04-18 17:42:41.704,02:47:00,True,2026-04-18 14:55:41.704,2026-04-18 17:42:41.704,167.0,2.78,False,167.0,0.0,True,BLR → HYD,NONE
6F037,INDIGO,BOM,MAA,2026-04-18 14:51:41.701,2026-04-18 17:23:41.701,02:32:00,False,2026-04-18 14:51:41.701,2026-04-18 17:23:41.701,152.0,2.53,False,152.0,0.0,True,BOM → MAA,INVALID_FLIGHT_ID
SJ132,SPICEJET,MAA,DEL,2026-04-18 14:44:41.702,2026-04-18 15:36:41.702,00:52:00,True,2026-04-18 14:44:41.702,2026-04-18 15:36:41.702,52.0,0.87,False,52.0,0.0,True,MAA → DEL,NONE
AI055,AIR INDIA,CCU,BOM,2026-04-18 14:39:41.701,2026-04-18 16:18:41.701,01:39:00,True,2026-04-18 14:39:41.701,2026-04-18 16:18:41.701,99.0,1.65,False,99.0,0.0,True,CCU → BOM,NONE
6F252,UNKNOWN,MAA,BLR,2026-04-18 14:25:41.701,2026-04-18 18:52:41.701,04:27:00,False,2026-04-18 14:25:41.701,2026-04-18 18:52:41.701,267.0,4.45,False,267.0,0.0,True,MAA → BLR,INVALID_FLIGHT_ID
AI183,AIR INDIA,DEL,CCU,2026-04-18 14:24:41.703,2026-04-18 16:06:41.703,01:42:00,True,2026-04-18 14:24:41.703,2026-04-18 16:06:41.703,102.0,1.7,False,102.0,0.0,True,DEL → CCU,NONE
SJ125,SPICEJET,DEL,BLR,2026-04-18 14:21:41.702,2026-04-18 16:55:41.702,02:34:00,True,2026-04-18 14:21:41.702,2026-04-18 16:55:41.702,154.0,2.57,False,154.0,0.0,True,DEL → BLR,NONE
SJ087,SPICEJET,BOM,DEL,2026-04-18 14:20:41.702,2026-04-18 19:09:41.702,04:49:00,True,2026-04-18 14:20:41.702,2026-04-18 19:09:41.702,289.0,4.82,False,289.0,0.0,True,BOM → DEL,NONE
UK182,VISTARA,HYD,CCU,2026-04-18 14:19:41.703,2026-04-18 18:25:41.703,04:06:00,True,2026-04-18 14:19:41.703,2026-04-18 18:25:41.703,246.0,4.1,False,246.0,0.0,True,HYD → CCU,NONE
AI016,AIR INDIA,BOM,CCU,2026-04-18 14:15:41.701,2026-04-18 18:38:41.701,04:23:00,True,2026-04-18 14:15:41.701,2026-04-18 18:38:41.701,263.0,4.38,False,263.0,0.0,True,BOM → CCU,NONE
6F107,INDIGO,CCU,BLR,2026-04-18 14:14:41.702,2026-04-18 17:14:42.000,03:00:00.298000,False,2026-04-18 14:14:41.702,2026-04-18 17:14:42.000,180.0049666666667,3.0,False,180.0049666666667,0.0,True,CCU → BLR,INVALID_FLIGHT_ID
AI026,AIR INDIA,DEL,BOM,2026-04-18 14:14:41.701,2026-04-18 15:13:41.701,00:59:00,True,2026-04-18 14:14:41.701,2026-04-18 15:13:41.701,59.0,0.98,False,59.0,0.0,True,DEL → BOM,NONE
AI177,AIR INDIA,CCU,HYD,2026-04-18 14:11:41.703,2026-04-18 16:26:41.703,02:15:00,True,2026-04-18 14:11:41.703,2026-04-18 16:26:41.703,135.0,2.25,False,135.0,0.0,True,CCU → HYD,NONE
AI041,AIR INDIA,BOM,BLR,2026-04-18 14:08:41.701,2026-04-18 15:59:41.701,01:51:00,True,2026-04-18 14:08:41.701,2026-04-18 15:59:41.701,111.0,1.85,False,111.0,0.0,True,BOM → BLR,NONE
6F264,UNKNOWN,DEL,HYD,2026-04-18 14:03:41.701,2026-04-18 18:23:41.701,04:20:00,False,2026-04-18 14:03:41.701,2026-04-18 18:23:41.701,260.0,4.33,False,260.0,0.0,True,DEL → HYD,INVALID_FLIGHT_ID
6F222,INDIGO,HYD,MAA,2026-04-18 14:01:41.704,2026-04-18 16:11:41.704,02:10:00,False,2026-04-18 14:01:41.704,2026-04-18 16:11:41.704,130.0,2.17,False,130.0,0.0,True,HYD → MAA,INVALID_FLIGHT_ID
AI004,AIR INDIA,HYD,MAA,2026-04-18 13:58:41.701,2026-04-18 18:12:41.701,04:14:00,True,2026-04-18 13:58:41.701,2026-04-18 18:12:41.701,254.0,4.23,False,254.0,0.0,True,HYD → MAA,NONE
SJ126,SPICEJET,DEL,BLR,2026-04-18 13:47:41.702,2026-04-18 16:31:41.702,02:44:00,True,2026-04-18 13:47:41.702,2026-04-18 16:31:41.702,164.0,2.73,False,164.0,0.0,True,DEL → BLR,NONE
SJ220,SPICEJET,BOM,CCU,2026-04-18 13:45:41.703,2026-04-18 15:21:41.703,01:36:00,True,2026-04-18 13:45:41.703,2026-04-18 15:21:41.703,96.0,1.6,False,96.0,0.0,True,BOM → CCU,NONE
AI204,AIR INDIA,CCU,MAA,2026-04-18 13:40:41.703,2026-04-18 18:38:41.703,04:58:00,True,2026-04-18 13:40:41.703,2026-04-18 18:38:41.703,298.0,4.97,False,298.0,0.0,True,CCU → MAA,NONE
UK098,VISTARA,CCU,DEL,2026-04-18 13:38:41.702,2026-04-18 17:54:41.702,04:16:00,True,2026-04-18 13:38:41.702,2026-04-18 17:54:41.702,256.0,4.27,False,256.0,0.0,True,CCU → DEL,NONE
AI090,AIR INDIA,MAA,CCU,2026-04-18 13:37:41.702,2026-04-18 16:11:41.702,02:34:00,True,2026-04-18 13:37:41.702,2026-04-18 16:11:41.702,154.0,2.57,False,154.0,0.0,True,MAA → CCU,NONE
AI092,AIR INDIA,CCU,BOM,2026-04-18 13:36:41.702,2026-04-18 16:20:41.702,02:44:00,True,2026-04-18 13:36:41.702,2026-04-18 16:20:41.702,164.0,2.73,False,164.0,0.0,True,CCU → BOM,NONE
AI049,AIR INDIA,CCU,MAA,2026-04-18 13:35:41.701,2026-04-18 15:48:41.701,02:13:00,True,2026-04-18 13:35:41.701,2026-04-18 15:48:41.701,133.0,2.22,False,133.0,0.0,True,CCU → MAA,NONE
UK117,VISTARA,BLR,BOM,2026-04-18 13:17:41.702,2026-04-18 16:54:41.702,03:37:00,True,2026-04-18 13:17:41.702,2026-04-18 16:54:41.702,217.0,3.62,False,217.0,0.0,True,BLR → BOM,NONE
6F227,INDIGO,MAA,BOM,2026-04-18 13:16:41.704,2026-04-18 17:41:41.704,04:25:00,False,2026-04-18 13:16:41.704,2026-04-18 17:41:41.704,265.0,4.42,False,265.0,0.0,True,MAA → BOM,INVALID_FLIGHT_ID
AI228,AIR INDIA,BLR,BOM,2026-04-18 13:16:41.703,2026-04-18 17:44:41.703,04:28:00,True,2026-04-18 13:16:41.703,2026-04-18 17:44:41.703,268.0,4.47,False,268.0,0.0,True,BLR → BOM,NONE
SJ164,SPICEJET,CCU,MAA,2026-04-18 13:14:41.703,2026-04-18 15:14:42.000,02:00:00.297000,True,2026-04-18 13:14:41.703,2026-04-18 15:14:42.000,120.00495,2.0,False,120.00495,0.0,True,CCU → MAA,NONE
AI018,AIR INDIA,BOM,CCU,2026-04-18 13:12:41.701,2026-04-18 18:04:41.701,04:52:00,True,2026-04-18 13:12:41.701,2026-04-18 18:04:41.701,292.0,4.87,False,292.0,0.0,True,BOM → CCU,NONE
UK192,VISTARA,HYD,DEL,2026-04-18 12:54:41.703,2026-04-18 13:54:42.000,01:00:00.297000,True,2026-04-18 12:54:41.703,2026-04-18 13:54:42.000,60.00495,1.0,False,60.00495,0.0,True,HYD → DEL,NONE
SJ224,SPICEJET,DEL,MAA,2026-04-18 12:41:41.703,2026-04-18 15:33:41.703,02:52:00,True,2026-04-18 12:41:41.703,2026-04-18 15:33:41.703,172.0,2.87,False,172.0,0.0,True,DEL → MAA,NONE
UK050,VISTARA,BOM,DEL,2026-04-18 12:39:41.701,2026-04-18 13:18:41.701,00:39:00,True,2026-04-18 12:39:41.701,2026-04-18 13:18:41.701,39.0,0.65,False,39.0,0.0,True,BOM → DEL,NONE
SJ159,SPICEJET,CCU,DEL,2026-04-18 12:22:41.703,2026-04-18 14:05:41.703,01:43:00,True,2026-04-18 12:22:41.703,2026-04-18 14:05:41.703,103.0,1.72,False,103.0,0.0,True,CCU → DEL,NONE
UK038,VISTARA,MAA,CCU,2026-04-18 12:22:41.701,2026-04-18 15:31:41.701,03:09:00,True,2026-04-18 12:22:41.701,2026-04-18 15:31:41.701,189.0,3.15,False,189.0,0.0,True,MAA → CCU,NONE
6F192,INDIGO,CCU,BLR,2026-04-18 12:20:41.703,2026-04-18 16:45:41.703,04:25:00,False,2026-04-18 12:20:41.703,2026-04-18 16:45:41.703,265.0,4.42,False,265.0,0.0,True,CCU → BLR,INVALID_FLIGHT_ID
6F173,INDIGO,BOM,CCU,2026-04-18 12:19:41.703,2026-04-18 13:08:41.703,00:49:00,False,2026-04-18 12:19:41.703,2026-04-18 13:08:41.703,49.0,0.82,False,49.0,0.0,True,BOM → CCU,INVALID_FLIGHT_ID
AI185,AIR INDIA,CCU,BOM,2026-04-18 12:16:41.703,2026-04-18 16:18:41.703,04:02:00,True,2026-04-18 12:16:41.703,2026-04-18 16:18:41.703,242.0,4.03,False,242.0,0.0,True,CCU → BOM,NONE
SJ152,SPICEJET,BOM,DEL,2026-04-18 12:09:41.702,2026-04-18 13:50:41.702,01:41:00,True,2026-04-18 12:09:41.702,2026-04-18 13:50:41.702,101.0,1.68,False,101.0,0.0,True,BOM → DEL,NONE
AI215,AIR INDIA,BLR,DEL,2026-04-18 12:07:41.703,2026-04-18 13:43:41.703,01:36:00,True,2026-04-18 12:07:41.703,2026-04-18 13:43:41.703,96.0,1.6,False,96.0,0.0,True,BLR → DEL,NONE
AI074,AIR INDIA,CCU,BOM,2026-04-18 12:03:41.702,2026-04-18 12:50:41.702,00:47:00,True,2026-04-18 12:03:41.702,2026-04-18 12:50:41.702,47.0,0.78,False,47.0,0.0,True,CCU → BOM,NONE
6F109,INDIGO,BLR,BOM,2026-04-18 12:00:41.702,2026-04-18 12:51:41.702,00:51:00,False,2026-04-18 12:00:41.702,2026-04-18 12:51:41.702,51.0,0.85,False,51.0,0.0,True,BLR → BOM,INVALID_FLIGHT_ID
6F144,INDIGO,HYD,BOM,2026-04-18 11:56:41.702,2026-04-18 15:11:41.702,03:15:00,False,2026-04-18 11:56:41.702,2026-04-18 15:11:41.702,195.0,3.25,False,195.0,0.0,True,HYD → BOM,INVALID_FLIGHT_ID
6F210,INDIGO,HYD,DEL,2026-04-18 11:51:41.703,2026-04-18 15:58:41.703,04:07:00,False,2026-04-18 11:51:41.703,2026-04-18 15:58:41.703,247.0,4.12,False,247.0,0.0,True,HYD → DEL,INVALID_FLIGHT_ID
SJ111,SPICEJET,DEL,MAA,2026-04-18 11:47:41.702,2026-04-18 12:59:41.702,01:12:00,True,2026-04-18 11:47:41.702,2026-04-18 12:59:41.702,72.0,1.2,False,72.0,0.0,True,DEL → MAA,NONE
UK092,VISTARA,MAA,BLR,2026-04-18 11:42:41.702,2026-04-18 13:17:41.702,01:35:00,True,2026-04-18 11:42:41.702,2026-04-18 13:17:41.702,95.0,1.58,False,95.0,0.0,True,MAA → BLR,NONE
UK009,VISTARA,BOM,DEL,2026-04-18 11:34:41.701,2026-04-18 13:41:41.701,02:07:00,True,2026-04-18 11:34:41.701,2026-04-18 13:41:41.701,127.0,2.12,False,127.0,0.0,True,BOM → DEL,NONE
AI170,AIR INDIA,HYD,DEL,2026-04-18 11:27:41.703,2026-04-18 15:50:41.703,04:23:00,True,2026-04-18 11:27:41.703,2026-04-18 15:50:41.703,263.0,4.38,False,263.0,0.0,True,HYD → DEL,NONE
6F154,INDIGO,CCU,DEL,2026-04-18 11:26:41.703,2026-04-18 12:23:41.703,00:57:00,False,2026-04-18 11:26:41.703,2026-04-18 12:23:41.703,57.0,0.95,False,57.0,0.0,True,CCU → DEL,INVALID_FLIGHT_ID
6F161,INDIGO,MAA,DEL,2026-04-18 11:24:41.703,2026-04-18 12:21:41.703,00:57:00,False,2026-04-18 11:24:41.703,2026-04-18 12:21:41.703,57.0,0.95,False,57.0,0.0,True,MAA → DEL,INVALID_FLIGHT_ID
UK128,VISTARA,BOM,CCU,2026-04-18 11:22:41.702,2026-04-18 14:11:41.702,02:49:00,True,2026-04-18 11:22:41.702,2026-04-18 14:11:41.702,169.0,2.82,False,169.0,0.0,True,BOM → CCU,NONE
AI186,AIR INDIA,DEL,BOM,2026-04-18 11:11:41.703,2026-04-18 13:05:41.703,01:54:00,True,2026-04-18 11:11:41.703,2026-04-18 13:05:41.703,114.0,1.9,False,114.0,0.0,True,DEL → BOM,NONE
AI099,AIR INDIA,BLR,BOM,2026-04-18 11:07:41.702,2026-04-18 13:29:41.702,02:22:00,True,2026-04-18 11:07:41.702,2026-04-18 13:29:41.702,142.0,2.37,False,142.0,0.0,True,BLR → BOM,NONE
6F203,INDIGO,BLR,HYD,2026-04-18 11:05:41.703,2026-04-18 12:56:41.703,01:51:00,False,2026-04-18 11:05:41.703,2026-04-18 12:56:41.703,111.0,1.85,False,111.0,0.0,True,BLR → HYD,INVALID_FLIGHT_ID
UK139,UNKNOWN,BLR,MAA,2026-04-18 10:54:41.703,2026-04-18 14:31:41.703,03:37:00,True,2026-04-18 10:54:41.703,2026-04-18 14:31:41.703,217.0,3.62,False,217.0,0.0,True,BLR → MAA,NONE
SJ008,SPICEJET,HYD,BLR,2026-04-18 10:53:41.701,2026-04-18 15:48:41.701,04:55:00,True,2026-04-18 10:53:41.701,2026-04-18 15:48:41.701,295.0,4.92,False,295.0,0.0,True,HYD → BLR,NONE
AI171,AIR INDIA,MAA,BLR,2026-04-18 10:51:41.703,2026-04-18 13:34:41.703,02:43:00,True,2026-04-18 10:51:41.703,2026-04-18 13:34:41.703,163.0,2.72,False,163.0,0.0,True,MAA → BLR,NONE
6F124,INDIGO,BLR,BOM,2026-04-18 10:47:41.702,2026-04-18 15:21:41.702,04:34:00,False,2026-04-18 10:47:41.702,2026-04-18 15:21:41.702,274.0,4.57,False,274.0,0.0,True,BLR → BOM,INVALID_FLIGHT_ID
6F137,INDIGO,CCU,DEL,2026-04-18 10:45:41.702,2026-04-18 15:01:41.702,04:16:00,False,2026-04-18 10:45:41.702,2026-04-18 15:01:41.702,256.0,4.27,False,256.0,0.0,True,CCU → DEL,INVALID_FLIGHT_ID
AI008,AIR INDIA,BOM,CCU,2026-04-18 10:43:41.701,2026-04-18 12:43:42.000,02:00:00.299000,True,2026-04-18 10:43:41.701,2026-04-18 12:43:42.000,120.00498333333333,2.0,False,120.00498333333333,0.0,True,BOM → CCU,NONE
SJ140,UNKNOWN,HYD,DEL,2026-04-18 10:42:41.702,2026-04-18 14:30:41.702,03:48:00,True,2026-04-18 10:42:41.702,2026-04-18 14:30:41.702,228.0,3.8,False,228.0,0.0,True,HYD → DEL,NONE
UK016,VISTARA,DEL,CCU,2026-04-18 10:42:41.701,2026-04-18 11:22:41.701,00:40:00,True,2026-04-18 10:42:41.701,2026-04-18 11:22:41.701,40.0,0.67,False,40.0,0.0,True,DEL → CCU,NONE
AI127,AIR INDIA,DEL,HYD,2026-04-18 10:37:41.702,2026-04-18 13:45:41.702,03:08:00,True,2026-04-18 10:37:41.702,2026-04-18 13:45:41.702,188.0,3.13,False,188.0,0.0,True,DEL → HYD,NONE
SJ096,UNKNOWN,DEL,HYD,2026-04-18 10:29:41.702,2026-04-18 13:45:41.702,03:16:00,True,2026-04-18 10:29:41.702,2026-04-18 13:45:41.702,196.0,3.27,False,196.0,0.0,True,DEL → HYD,NONE
6F048,INDIGO,HYD,DEL,2026-04-18 10:27:41.701,2026-04-18 11:18:41.701,00:51:00,False,2026-04-18 10:27:41.701,2026-04-18 11:18:41.701,51.0,0.85,False,51.0,0.0,True,HYD → DEL,INVALID_FLIGHT_ID
SJ090,SPICEJET,HYD,MAA,2026-04-18 10:24:41.702,2026-04-18 13:11:41.702,02:47:00,True,2026-04-18 10:24:41.702,2026-04-18 13:11:41.702,167.0,2.78,False,167.0,0.0,True,HYD → MAA,NONE
AI014,AIR INDIA,HYD,MAA,2026-04-18 10:24:41.701,2026-04-18 13:51:41.701,03:27:00,True,2026-04-18 10:24:41.701,2026-04-18 13:51:41.701,207.0,3.45,False,207.0,0.0,True,HYD → MAA,NONE
6F131,INDIGO,BLR,HYD,2026-04-18 10:22:41.702,2026-04-18 14:20:41.702,03:58:00,False,2026-04-18 10:22:41.702,2026-04-18 14:20:41.702,238.0,3.97,False,238.0,0.0,True,BLR → HYD,INVALID_FLIGHT_ID
AI130,AIR INDIA,BOM,BLR,2026-04-18 10:18:41.702,2026-04-18 12:59:41.702,02:41:00,True,2026-04-18 10:18:41.702,2026-04-18 12:59:41.702,161.0,2.68,False,161.0,0.0,True,BOM → BLR,NONE
UK151,UNKNOWN,BOM,CCU,2026-04-18 10:11:41.703,2026-04-18 13:30:41.703,03:19:00,True,2026-04-18 10:11:41.703,2026-04-18 13:30:41.703,199.0,3.32,False,199.0,0.0,True,BOM → CCU,NONE
6F165,INDIGO,BLR,BOM,2026-04-18 10:11:41.703,2026-04-18 11:09:41.703,00:58:00,False,2026-04-18 10:11:41.703,2026-04-18 11:09:41.703,58.0,0.97,False,58.0,0.0,True,BLR → BOM,INVALID_FLIGHT_ID
UK161,VISTARA,BLR,BOM,2026-04-18 10:05:41.703,2026-04-18 12:48:41.703,02:43:00,True,2026-04-18 10:05:41.703,2026-04-18 12:48:41.703,163.0,2.72,False,163.0,0.0,True,BLR → BOM,NONE
AI107,AIR INDIA,HYD,CCU,2026-04-18 10:03:41.702,2026-04-18 10:49:41.702,00:46:00,True,2026-04-18 10:03:41.702,2026-04-18 10:49:41.702,46.0,0.77,False,46.0,0.0,True,HYD → CCU,NONE
SJ104,SPICEJET,HYD,DEL,2026-04-18 10:00:41.702,2026-04-18 11:00:42.000,01:00:00.298000,True,2026-04-18 10:00:41.702,2026-04-18 11:00:42.000,60.00496666666666,1.0,False,60.00496666666666,0.0,True,HYD → DEL,NONE
AI042,AIR INDIA,CCU,DEL,2026-04-18 09:53:41.701,2026-04-18 10:57:41.701,01:04:00,True,2026-04-18 09:53:41.701,2026-04-18 10:57:41.701,64.0,1.07,False,64.0,0.0,True,CCU → DEL,NONE
6F266,UNKNOWN,CCU,MAA,2026-04-18 09:49:41.703,2026-04-18 11:17:41.703,01:28:00,False,2026-04-18 09:49:41.703,2026-04-18 11:17:41.703,88.0,1.47,False,88.0,0.0,True,CCU → MAA,INVALID_FLIGHT_ID
6F138,INDIGO,HYD,BLR,2026-04-18 09:49:41.702,2026-04-18 12:53:41.702,03:04:00,False,2026-04-18 09:49:41.702,2026-04-18 12:53:41.702,184.0,3.07,False,184.0,0.0,True,HYD → BLR,INVALID_FLIGHT_ID
SJ219,SPICEJET,BOM,DEL,2026-04-18 09:32:41.703,2026-04-18 14:09:41.703,04:37:00,True,2026-04-18 09:32:41.703,2026-04-18 14:09:41.703,277.0,4.62,False,277.0,0.0,True,BOM → DEL,NONE
UK197,VISTARA,BLR,HYD,2026-04-18 09:22:41.703,2026-04-18 10:54:41.703,01:32:00,True,2026-04-18 09:22:41.703,2026-04-18 10:54:41.703,92.0,1.53,False,92.0,0.0,True,BLR → HYD,NONE
6F119,INDIGO,DEL,BOM,2026-04-18 09:19:41.702,2026-04-18 11:33:41.702,02:14:00,False,2026-04-18 09:19:41.702,2026-04-18 11:33:41.702,134.0,2.23,False,134.0,0.0,True,DEL → BOM,INVALID_FLIGHT_ID
SJ058,SPICEJET,DEL,HYD,2026-04-18 08:58:41.701,2026-04-18 13:14:41.701,04:16:00,True,2026-04-18 08:58:41.701,2026-04-18 13:14:41.701,256.0,4.27,False,256.0,0.0,True,DEL → HYD,NONE
AI218,AIR INDIA,BOM,CCU,2026-04-18 08:55:41.703,2026-04-18 11:55:41.703,03:00:00,True,2026-04-18 08:55:41.703,2026-04-18 11:55:41.703,180.0,3.0,False,180.0,0.0,True,BOM → CCU,NONE
SJ060,SPICEJET,HYD,CCU,2026-04-18 08:51:41.701,2026-04-18 13:46:41.701,04:55:00,True,2026-04-18 08:51:41.701,2026-04-18 13:46:41.701,295.0,4.92,False,295.0,0.0,True,HYD → CCU,NONE
UK121,VISTARA,BLR,BOM,2026-04-18 08:36:41.702,2026-04-18 12:36:41.702,04:00:00,True,2026-04-18 08:36:41.702,2026-04-18 12:36:41.702,240.0,4.0,False,240.0,0.0,True,BLR → BOM,NONE
6F208,INDIGO,CCU,BOM,2026-04-18 08:27:41.703,2026-04-18 11:34:41.703,03:07:00,False,2026-04-18 08:27:41.703,2026-04-18 11:34:41.703,187.0,3.12,False,187.0,0.0,True,CCU → BOM,INVALID_FLIGHT_ID
6F153,INDIGO,CCU,BLR,2026-04-18 08:23:41.703,2026-04-18 12:20:41.703,03:57:00,False,2026-04-18 08:23:41.703,2026-04-18 12:20:41.703,237.0,3.95,False,237.0,0.0,True,CCU → BLR,INVALID_FLIGHT_ID
AI117,AIR INDIA,HYD,BLR,2026-04-18 08:18:41.702,2026-04-18 10:09:41.702,01:51:00,True,2026-04-18 08:18:41.702,2026-04-18 10:09:41.702,111.0,1.85,False,111.0,0.0,True,HYD → BLR,NONE
SJ113,SPICEJET,BLR,BOM,2026-04-18 08:10:41.702,2026-04-18 10:10:42.000,02:00:00.298000,True,2026-04-18 08:10:41.702,2026-04-18 10:10:42.000,120.00496666666666,2.0,False,120.00496666666666,0.0,True,BLR → BOM,NONE
AI191,AIR INDIA,BLR,MAA,2026-04-18 07:57:41.703,2026-04-18 11:58:41.703,04:01:00,True,2026-04-18 07:57:41.703,2026-04-18 11:58:41.703,241.0,4.02,False,241.0,0.0,True,BLR → MAA,NONE
6F267,UNKNOWN,DEL,MAA,2026-04-18 07:56:41.703,2026-04-18 11:49:41.703,03:53:00,False,2026-04-18 07:56:41.703,2026-04-18 11:49:41.703,233.0,3.88,False,233.0,0.0,True,DEL → MAA,INVALID_FLIGHT_ID
6F185,INDIGO,CCU,DEL,2026-04-18 07:49:41.703,2026-04-18 10:08:41.703,02:19:00,False,2026-04-18 07:49:41.703,2026-04-18 10:08:41.703,139.0,2.32,False,139.0,0.0,True,CCU → DEL,INVALID_FLIGHT_ID
AI114,AIR INDIA,CCU,DEL,2026-04-18 07:48:41.702,2026-04-18 09:03:41.702,01:15:00,True,2026-04-18 07:48:41.702,2026-04-18 09:03:41.702,75.0,1.25,False,75.0,0.0,True,CCU → DEL,NONE
6F155,INDIGO,DEL,BLR,2026-04-18 07:47:41.703,2026-04-18 08:20:41.703,00:33:00,False,2026-04-18 07:47:41.703,2026-04-18 08:20:41.703,33.0,0.55,False,33.0,0.0,True,DEL → BLR,INVALID_FLIGHT_ID
UK045,VISTARA,MAA,HYD,2026-04-18 07:43:41.701,2026-04-18 09:28:41.701,01:45:00,True,2026-04-18 07:43:41.701,2026-04-18 09:28:41.701,105.0,1.75,False,105.0,0.0,True,MAA → HYD,NONE
AI111,AIR INDIA,MAA,CCU,2026-04-18 07:40:41.702,2026-04-18 10:39:41.702,02:59:00,True,2026-04-18 07:40:41.702,2026-04-18 10:39:41.702,179.0,2.98,False,179.0,0.0,True,MAA → CCU,NONE
AI156,AIR INDIA,CCU,BOM,2026-04-18 07:39:41.703,2026-04-18 09:22:41.703,01:43:00,True,2026-04-18 07:39:41.703,2026-04-18 09:22:41.703,103.0,1.72,False,103.0,0.0,True,CCU → BOM,NONE
SJ128,SPICEJET,CCU,BLR,2026-04-18 07:39:41.702,2026-04-18 10:42:41.702,03:03:00,True,2026-04-18 07:39:41.702,2026-04-18 10:42:41.702,183.0,3.05,False,183.0,0.0,True,CCU → BLR,NONE
AI104,AIR INDIA,MAA,HYD,2026-04-18 07:35:41.702,2026-04-18 09:20:41.702,01:45:00,True,2026-04-18 07:35:41.702,2026-04-18 09:20:41.702,105.0,1.75,False,105.0,0.0,True,MAA → HYD,NONE
6F225,INDIGO,HYD,CCU,2026-04-18 07:33:41.704,2026-04-18 12:12:41.704,04:39:00,False,2026-04-18 07:33:41.704,2026-04-18 12:12:41.704,279.0,4.65,False,279.0,0.0,True,HYD → CCU,INVALID_FLIGHT_ID
6F033,INDIGO,DEL,HYD,2026-04-18 07:08:41.701,2026-04-18 09:08:41.701,02:00:00,False,2026-04-18 07:08:41.701,2026-04-18 09:08:41.701,120.0,2.0,False,120.0,0.0,True,DEL → HYD,INVALID_FLIGHT_ID
6F244,INDIGO,MAA,CCU,2026-04-18 07:07:41.704,2026-04-18 08:31:41.704,01:24:00,False,2026-04-18 07:07:41.704,2026-04-18 08:31:41.704,84.0,1.4,False,84.0,0.0,True,MAA → CCU,INVALID_FLIGHT_ID
UK137,VISTARA,BOM,MAA,2026-04-18 07:04:41.703,2026-04-18 09:14:41.703,02:10:00,True,2026-04-18 07:04:41.703,2026-04-18 09:14:41.703,130.0,2.17,False,130.0,0.0,True,BOM → MAA,NONE
AI063,AIR INDIA,HYD,BLR,2026-04-18 07:03:41.701,2026-04-18 11:26:41.701,04:23:00,True,2026-04-18 07:03:41.701,2026-04-18 11:26:41.701,263.0,4.38,False,263.0,0.0,True,HYD → BLR,NONE
SJ156,SPICEJET,BOM,DEL,2026-04-18 06:59:41.703,2026-04-18 07:34:41.703,00:35:00,True,2026-04-18 06:59:41.703,2026-04-18 07:34:41.703,35.0,0.58,False,35.0,0.0,True,BOM → DEL,NONE
UK125,VISTARA,HYD,BOM,2026-04-18 06:58:41.702,2026-04-18 11:44:41.702,04:46:00,True,2026-04-18 06:58:41.702,2026-04-18 11:44:41.702,286.0,4.77,False,286.0,0.0,True,HYD → BOM,NONE
AI232,AIR INDIA,DEL,BLR,2026-04-18 06:43:41.704,2026-04-18 10:13:41.704,03:30:00,True,2026-04-18 06:43:41.704,2026-04-18 10:13:41.704,210.0,3.5,False,210.0,0.0,True,DEL → BLR,NONE
AI167,AIR INDIA,BLR,DEL,2026-04-18 06:43:41.703,2026-04-18 11:10:41.703,04:27:00,True,2026-04-18 06:43:41.703,2026-04-18 11:10:41.703,267.0,4.45,False,267.0,0.0,True,BLR → DEL,NONE
UK160,VISTARA,BLR,BOM,2026-04-18 06:42:41.703,2026-04-18 10:58:41.703,04:16:00,True,2026-04-18 06:42:41.703,2026-04-18 10:58:41.703,256.0,4.27,False,256.0,0.0,True,BLR → BOM,NONE
UK129,VISTARA,HYD,MAA,2026-04-18 06:29:41.702,2026-04-18 07:29:42.000,01:00:00.298000,True,2026-04-18 06:29:41.702,2026-04-18 07:29:42.000,60.00496666666666,1.0,False,60.00496666666666,0.0,True,HYD → MAA,NONE
SJ230,SPICEJET,BOM,CCU,2026-04-18 06:22:41.704,2026-04-18 10:57:41.704,04:35:00,True,2026-04-18 06:22:41.704,2026-04-18 10:57:41.704,275.0,4.58,False,275.0,0.0,True,BOM → CCU,NONE
SJ056,SPICEJET,HYD,DEL,2026-04-18 06:11:41.701,2026-04-18 07:10:41.701,00:59:00,True,2026-04-18 06:11:41.701,2026-04-18 07:10:41.701,59.0,0.98,False,59.0,0.0,True,HYD → DEL,NONE
SJ137,SPICEJET,CCU,DEL,2026-04-18 06:08:41.702,2026-04-18 10:14:41.702,04:06:00,True,2026-04-18 06:08:41.702,2026-04-18 10:14:41.702,246.0,4.1,False,246.0,0.0,True,CCU → DEL,NONE
6F081,INDIGO,MAA,BLR,2026-04-18 06:04:41.702,2026-04-18 07:43:41.702,01:39:00,False,2026-04-18 06:04:41.702,2026-04-18 07:43:41.702,99.0,1.65,False,99.0,0.0,True,MAA → BLR,INVALID_FLIGHT_ID
6F088,INDIGO,CCU,BLR,2026-04-18 05:51:41.702,2026-04-18 08:22:41.702,02:31:00,False,2026-04-18 05:51:41.702,2026-04-18 08:22:41.702,151.0,2.52,False,151.0,0.0,True,CCU → BLR,INVALID_FLIGHT_ID
6F121,INDIGO,HYD,MAA,2026-04-18 05:44:41.702,2026-04-18 10:42:41.702,04:58:00,False,2026-04-18 05:44:41.702,2026-04-18 10:42:41.702,298.0,4.97,False,298.0,0.0,True,HYD → MAA,INVALID_FLIGHT_ID
UK214,VISTARA,HYD,DEL,2026-04-18 05:30:41.704,2026-04-18 09:10:41.704,03:40:00,True,2026-04-18 05:30:41.704,2026-04-18 09:10:41.704,220.0,3.67,False,220.0,0.0,True,HYD → DEL,NONE
6F060,INDIGO,DEL,BLR,2026-04-18 05:29:41.701,2026-04-18 07:29:42.000,02:00:00.299000,False,2026-04-18 05:29:41.701,2026-04-18 07:29:42.000,120.00498333333333,2.0,False,120.00498333333333,0.0,True,DEL → BLR,INVALID_FLIGHT_ID
SJ101,SPICEJET,CCU,DEL,2026-04-18 05:17:41.702,2026-04-18 06:57:41.702,01:40:00,True,2026-04-18 05:17:41.702,2026-04-18 06:57:41.702,100.0,1.67,False,100.0,0.0,True,CCU → DEL,NONE
AI017,AIR INDIA,CCU,BOM,2026-04-18 05:15:41.701,2026-04-18 08:48:41.701,03:33:00,True,2026-04-18 05:15:41.701,2026-04-18 08:48:41.701,213.0,3.55,False,213.0,0.0,True,CCU → BOM,NONE
6F120,INDIGO,BLR,BOM,2026-04-18 05:14:41.702,2026-04-18 06:14:41.702,01:00:00,False,2026-04-18 05:14:41.702,2026-04-18 06:14:41.702,60.0,1.0,False,60.0,0.0,True,BLR → BOM,INVALID_FLIGHT_ID
6F217,INDIGO,BLR,BOM,2026-04-18 05:13:41.704,2026-04-18 08:01:41.704,02:48:00,False,2026-04-18 05:13:41.704,2026-04-18 08:01:41.704,168.0,2.8,False,168.0,0.0,True,BLR → BOM,INVALID_FLIGHT_ID
AI194,AIR INDIA,MAA,BLR,2026-04-18 05:09:41.703,2026-04-18 09:38:41.703,04:29:00,True,2026-04-18 05:09:41.703,2026-04-18 09:38:41.703,269.0,4.48,False,269.0,0.0,True,MAA → BLR,NONE
AI095,AIR INDIA,DEL,MAA,2026-04-18 05:00:41.702,2026-04-18 08:18:41.702,03:18:00,True,2026-04-18 05:00:41.702,2026-04-18 08:18:41.702,198.0,3.3,False,198.0,0.0,True,DEL → MAA,NONE
SJ190,SPICEJET,BOM,CCU,2026-04-18 04:57:41.703,2026-04-18 09:25:41.703,04:28:00,True,2026-04-18 04:57:41.703,2026-04-18 09:25:41.703,268.0,4.47,False,268.0,0.0,True,BOM → CCU,NONE
6F139,INDIGO,HYD,MAA,2026-04-18 04:55:41.702,2026-04-18 08:17:41.702,03:22:00,False,2026-04-18 04:55:41.702,2026-04-18 08:17:41.702,202.0,3.37,False,202.0,0.0,True,HYD → MAA,INVALID_FLIGHT_ID
6F062,INDIGO,CCU,DEL,2026-04-18 04:55:41.701,2026-04-18 06:22:41.701,01:27:00,False,2026-04-18 04:55:41.701,2026-04-18 06:22:41.701,87.0,1.45,False,87.0,0.0,True,CCU → DEL,INVALID_FLIGHT_ID
UK011,VISTARA,CCU,DEL,2026-04-18 04:41:41.701,2026-04-18 06:25:41.701,01:44:00,True,2026-04-18 04:41:41.701,2026-04-18 06:25:41.701,104.0,1.73,False,104.0,0.0,True,CCU → DEL,NONE
6F100,INDIGO,BOM,BLR,2026-04-18 04:40:41.702,2026-04-18 07:49:41.702,03:09:00,False,2026-04-18 04:40:41.702,2026-04-18 07:49:41.702,189.0,3.15,False,189.0,0.0,True,BOM → BLR,INVALID_FLIGHT_ID
6F228,INDIGO,HYD,MAA,2026-04-18 04:36:41.704,2026-04-18 09:27:41.704,04:51:00,False,2026-04-18 04:36:41.704,2026-04-18 09:27:41.704,291.0,4.85,False,291.0,0.0,True,HYD → MAA,INVALID_FLIGHT_ID
UK033,VISTARA,HYD,DEL,2026-04-18 04:34:41.701,2026-04-18 09:18:41.701,04:44:00,True,2026-04-18 04:34:41.701,2026-04-18 09:18:41.701,284.0,4.73,False,284.0,0.0,True,HYD → DEL,NONE
SJ231,SPICEJET,DEL,BLR,2026-04-18 04:23:41.704,2026-04-18 05:48:41.704,01:25:00,True,2026-04-18 04:23:41.704,2026-04-18 05:48:41.704,85.0,1.42,False,85.0,0.0,True,DEL → BLR,NONE
AI166,AIR INDIA,BOM,CCU,2026-04-18 04:20:41.703,2026-04-18 07:23:41.703,03:03:00,True,2026-04-18 04:20:41.703,2026-04-18 07:23:41.703,183.0,3.05,False,183.0,0.0,True,BOM → CCU,NONE
SJ176,SPICEJET,DEL,BOM,2026-04-18 04:15:41.703,2026-04-18 06:17:41.703,02:02:00,True,2026-04-18 04:15:41.703,2026-04-18 06:17:41.703,122.0,2.03,False,122.0,0.0,True,DEL → BOM,NONE
SJ065,SPICEJET,MAA,BLR,2026-04-18 04:10:41.701,2026-04-18 06:54:41.701,02:44:00,True,2026-04-18 04:10:41.701,2026-04-18 06:54:41.701,164.0,2.73,False,164.0,0.0,True,MAA → BLR,NONE
6F160,INDIGO,MAA,BLR,2026-04-18 04:09:41.703,2026-04-18 08:26:41.703,04:17:00,False,2026-04-18 04:09:41.703,2026-04-18 08:26:41.703,257.0,4.28,False,257.0,0.0,True,MAA → BLR,INVALID_FLIGHT_ID
AI089,AIR INDIA,CCU,BOM,2026-04-18 04:05:41.702,2026-04-18 04:47:41.702,00:42:00,True,2026-04-18 04:05:41.702,2026-04-18 04:47:41.702,42.0,0.7,False,42.0,0.0,True,CCU → BOM,NONE
UK226,VISTARA,MAA,HYD,2026-04-18 03:58:41.704,2026-04-18 05:01:41.704,01:03:00,True,2026-04-18 03:58:41.704,2026-04-18 05:01:41.704,63.0,1.05,False,63.0,0.0,True,MAA → HYD,NONE
SJ123,SPICEJET,BOM,CCU,2026-04-18 03:57:41.702,2026-04-18 05:25:41.702,01:28:00,True,2026-04-18 03:57:41.702,2026-04-18 05:25:41.702,88.0,1.47,False,88.0,0.0,True,BOM → CCU,NONE
AI054,AIR INDIA,HYD,CCU,2026-04-18 03:44:41.701,2026-04-18 08:10:41.701,04:26:00,True,2026-04-18 03:44:41.701,2026-04-18 08:10:41.701,266.0,4.43,False,266.0,0.0,True,HYD → CCU,NONE
UK019,VISTARA,BOM,HYD,2026-04-18 03:41:41.701,2026-04-18 04:35:41.701,00:54:00,True,2026-04-18 03:41:41.701,2026-04-18 04:35:41.701,54.0,0.9,False,54.0,0.0,True,BOM → HYD,NONE
UK032,VISTARA,BLR,BOM,2026-04-18 03:31:41.701,2026-04-18 07:28:41.701,03:57:00,True,2026-04-18 03:31:41.701,2026-04-18 07:28:41.701,237.0,3.95,False,237.0,0.0,True,BLR → BOM,NONE
SJ100,SPICEJET,MAA,BLR,2026-04-18 03:28:41.702,2026-04-18 06:50:41.702,03:22:00,True,2026-04-18 03:28:41.702,2026-04-18 06:50:41.702,202.0,3.37,False,202.0,0.0,True,MAA → BLR,NONE
SJ094,SPICEJET,MAA,HYD,2026-04-18 03:23:41.702,2026-04-18 08:07:41.702,04:44:00,True,2026-04-18 03:23:41.702,2026-04-18 08:07:41.702,284.0,4.73,False,284.0,0.0,True,MAA → HYD,NONE
6F101,INDIGO,BOM,MAA,2026-04-18 03:18:41.702,2026-04-18 08:15:41.702,04:57:00,False,2026-04-18 03:18:41.702,2026-04-18 08:15:41.702,297.0,4.95,False,297.0,0.0,True,BOM → MAA,INVALID_FLIGHT_ID
6F006,INDIGO,BOM,BLR,2026-04-18 03:06:41.701,2026-04-18 05:06:42.000,02:00:00.299000,False,2026-04-18 03:06:41.701,2026-04-18 05:06:42.000,120.00498333333333,2.0,False,120.00498333333333,0.0,True,BOM → BLR,INVALID_FLIGHT_ID
AI006,AIR INDIA,BOM,BLR,2026-04-18 03:04:41.701,2026-04-18 05:54:41.701,02:50:00,True,2026-04-18 03:04:41.701,2026-04-18 05:54:41.701,170.0,2.83,False,170.0,0.0,True,BOM → BLR,NONE
AI195,AIR INDIA,CCU,MAA,2026-04-18 02:58:41.703,2026-04-18 04:57:41.703,01:59:00,True,2026-04-18 02:58:41.703,2026-04-18 04:57:41.703,119.0,1.98,False,119.0,0.0,True,CCU → MAA,NONE
UK072,VISTARA,BOM,BLR,2026-04-18 02:55:41.702,2026-04-18 05:55:42.000,03:00:00.298000,True,2026-04-18 02:55:41.702,2026-04-18 05:55:42.000,180.0049666666667,3.0,False,180.0049666666667,0.0,True,BOM → BLR,NONE
AI244,AIR INDIA,BLR,BOM,2026-04-18 02:50:41.704,2026-04-18 03:25:41.704,00:35:00,True,2026-04-18 02:50:41.704,2026-04-18 03:25:41.704,35.0,0.58,False,35.0,0.0,True,BLR → BOM,NONE
SJ059,SPICEJET,CCU,DEL,2026-04-18 02:50:41.701,2026-04-18 04:06:41.701,01:16:00,True,2026-04-18 02:50:41.701,2026-04-18 04:06:41.701,76.0,1.27,False,76.0,0.0,True,CCU → DEL,NONE
SJ009,SPICEJET,CCU,BLR,2026-04-18 02:48:41.701,2026-04-18 04:23:41.701,01:35:00,True,2026-04-18 02:48:41.701,2026-04-18 04:23:41.701,95.0,1.58,False,95.0,0.0,True,CCU → BLR,NONE
AI121,AIR INDIA,HYD,MAA,2026-04-18 02:42:41.702,2026-04-18 06:11:41.702,03:29:00,True,2026-04-18 02:42:41.702,2026-04-18 06:11:41.702,209.0,3.48,False,209.0,0.0,True,HYD → MAA,NONE
6F265,UNKNOWN,DEL,HYD,2026-04-18 02:27:41.703,2026-04-18 03:24:41.703,00:57:00,False,2026-04-18 02:27:41.703,2026-04-18 03:24:41.703,57.0,0.95,False,57.0,0.0,True,DEL → HYD,INVALID_FLIGHT_ID
6F110,INDIGO,HYD,DEL,2026-04-18 02:27:41.702,2026-04-18 05:48:41.702,03:21:00,False,2026-04-18 02:27:41.702,2026-04-18 05:48:41.702,201.0,3.35,False,201.0,0.0,True,HYD → DEL,INVALID_FLIGHT_ID
UK018,VISTARA,BOM,CCU,2026-04-18 02:15:41.701,2026-04-18 04:08:41.701,01:53:00,True,2026-04-18 02:15:41.701,2026-04-18 04:08:41.701,113.0,1.88,False,113.0,0.0,True,BOM → CCU,NONE
6F072,INDIGO,BLR,CCU,2026-04-18 02:14:41.702,2026-04-18 03:11:41.702,00:57:00,False,2026-04-18 02:14:41.702,2026-04-18 03:11:41.702,57.0,0.95,False,57.0,0.0,True,BLR → CCU,INVALID_FLIGHT_ID
6F159,INDIGO,CCU,BOM,2026-04-18 02:08:41.703,2026-04-18 02:43:41.703,00:35:00,False,2026-04-18 02:08:41.703,2026-04-18 02:43:41.703,35.0,0.58,False,35.0,0.0,True,CCU → BOM,INVALID_FLIGHT_ID
6F095,INDIGO,BLR,MAA,2026-04-18 01:53:41.702,2026-04-18 05:34:41.702,03:41:00,False,2026-04-18 01:53:41.702,2026-04-18 05:34:41.702,221.0,3.68,False,221.0,0.0,True,BLR → MAA,INVALID_FLIGHT_ID
SJ129,SPICEJET,CCU,BOM,2026-04-18 01:48:41.702,2026-04-18 05:48:41.702,04:00:00,True,2026-04-18 01:48:41.702,2026-04-18 05:48:41.702,240.0,4.0,False,240.0,0.0,True,CCU → BOM,NONE
UK039,VISTARA,HYD,BOM,2026-04-18 01:40:41.701,2026-04-18 02:53:41.701,01:13:00,True,2026-04-18 01:40:41.701,2026-04-18 02:53:41.701,73.0,1.22,False,73.0,0.0,True,HYD → BOM,NONE
6F130,INDIGO,DEL,HYD,2026-04-18 01:27:41.702,2026-04-18 02:45:41.702,01:18:00,False,2026-04-18 01:27:41.702,2026-04-18 02:45:41.702,78.0,1.3,False,78.0,0.0,True,DEL → HYD,INVALID_FLIGHT_ID
6F247,INDIGO,DEL,HYD,2026-04-18 01:27:41.702,2026-04-18 02:45:41.702,01:18:00,False,2026-04-18 01:27:41.702,2026-04-18 02:45:41.702,78.0,1.3,False,78.0,0.0,True,DEL → HYD,INVALID_FLIGHT_ID
SJ233,SPICEJET,DEL,HYD,2026-04-18 01:18:41.704,2026-04-18 02:56:41.704,01:38:00,True,2026-04-18 01:18:41.704,2026-04-18 02:56:41.704,98.0,1.63,False,98.0,0.0,True,DEL → HYD,NONE
6F231,INDIGO,HYD,MAA,2026-04-18 01:16:41.704,2026-04-18 05:43:41.704,04:27:00,False,2026-04-18 01:16:41.704,2026-04-18 05:43:41.704,267.0,4.45,False,267.0,0.0,True,HYD → MAA,INVALID_FLIGHT_ID
AI125,UNKNOWN,CCU,DEL,2026-04-18 01:12:41.702,2026-04-18 04:51:41.702,03:39:00,True,2026-04-18 01:12:41.702,2026-04-18 04:51:41.702,219.0,3.65,False,219.0,0.0,True,CCU → DEL,NONE
6F102,INDIGO,HYD,MAA,2026-04-18 01:10:41.702,2026-04-18 02:24:41.702,01:14:00,False,2026-04-18 01:10:41.702,2026-04-18 02:24:41.702,74.0,1.23,False,74.0,0.0,True,HYD → MAA,INVALID_FLIGHT_ID
UK078,VISTARA,BOM,HYD,2026-04-18 01:03:41.702,2026-04-18 04:32:41.702,03:29:00,True,2026-04-18 01:03:41.702,2026-04-18 04:32:41.702,209.0,3.48,False,209.0,0.0,True,BOM → HYD,NONE
UK043,UNKNOWN,DEL,HYD,2026-04-18 00:48:41.701,2026-04-18 04:52:41.701,04:04:00,True,2026-04-18 00:48:41.701,2026-04-18 04:52:41.701,244.0,4.07,False,244.0,0.0,True,DEL → HYD,NONE
AI144,AIR INDIA,MAA,BOM,2026-04-18 00:43:41.702,2026-04-18 03:36:41.702,02:53:00,True,2026-04-18 00:43:41.702,2026-04-18 03:36:41.702,173.0,2.88,False,173.0,0.0,True,MAA → BOM,NONE
UK054,VISTARA,BLR,BOM,2026-04-18 00:37:41.701,2026-04-18 05:30:41.701,04:53:00,True,2026-04-18 00:37:41.701,2026-04-18 05:30:41.701,293.0,4.88,False,293.0,0.0,True,BLR → BOM,NONE
UK108,VISTARA,DEL,BLR,2026-04-18 00:28:41.702,2026-04-18 03:46:41.702,03:18:00,True,2026-04-18 00:28:41.702,2026-04-18 03:46:41.702,198.0,3.3,False,198.0,0.0,True,DEL → BLR,NONE
6F008,INDIGO,DEL,BOM,2026-04-18 00:14:41.701,2026-04-18 04:59:41.701,04:45:00,False,2026-04-18 00:14:41.701,2026-04-18 04:59:41.701,285.0,4.75,False,285.0,0.0,True,DEL → BOM,INVALID_FLIGHT_ID
6F106,INDIGO,BOM,CCU,2026-04-18 00:10:41.702,2026-04-18 01:52:41.702,01:42:00,False,2026-04-18 00:10:41.702,2026-04-18 01:52:41.702,102.0,1.7,False,102.0,0.0,True,BOM → CCU,INVALID_FLIGHT_ID
AI203,AIR INDIA,BOM,CCU,2026-04-18 00:09:41.703,2026-04-18 02:56:41.703,02:47:00,True,2026-04-18 00:09:41.703,2026-04-18 02:56:41.703,167.0,2.78,False,167.0,0.0,True,BOM → CCU,NONE
AI065,UNKNOWN,MAA,BLR,2026-04-18 00:09:41.701,2026-04-18 05:00:41.701,04:51:00,True,2026-04-18 00:09:41.701,2026-04-18 05:00:41.701,291.0,4.85,False,291.0,0.0,True,MAA → BLR,NONE
UK053,VISTARA,BLR,BOM,2026-04-17 23:56:41.701,2026-04-18 02:46:41.701,02:50:00,True,2026-04-17 23:56:41.701,2026-04-18 02:46:41.701,170.0,2.83,True,170.0,0.0,True,BLR → BOM,NONE
UK086,VISTARA,CCU,BLR,2026-04-17 23:55:41.702,2026-04-18 02:27:41.702,02:32:00,True,2026-04-17 23:55:41.702,2026-04-18 02:27:41.702,152.0,2.53,True,152.0,0.0,True,CCU → BLR,NONE
SJ223,SPICEJET,HYD,MAA,2026-04-17 23:54:41.703,2026-04-18 01:08:41.703,01:14:00,True,2026-04-17 23:54:41.703,2026-04-18 01:08:41.703,74.0,1.23,True,74.0,0.0,True,HYD → MAA,NONE
6F069,INDIGO,MAA,BLR,2026-04-17 23:44:41.701,2026-04-18 03:17:41.701,03:33:00,False,2026-04-17 23:44:41.701,2026-04-18 03:17:41.701,213.0,3.55,True,213.0,0.0,True,MAA → BLR,INVALID_FLIGHT_ID
6F032,INDIGO,DEL,BOM,2026-04-17 23:43:41.701,2026-04-18 02:22:41.701,02:39:00,False,2026-04-17 23:43:41.701,2026-04-18 02:22:41.701,159.0,2.65,True,159.0,0.0,True,DEL → BOM,INVALID_FLIGHT_ID
UK178,VISTARA,DEL,BLR,2026-04-17 23:41:41.703,2026-04-18 04:09:41.703,04:28:00,True,2026-04-17 23:41:41.703,2026-04-18 04:09:41.703,268.0,4.47,True,268.0,0.0,True,DEL → BLR,NONE
6F108,INDIGO,DEL,HYD,2026-04-17 23:41:41.702,2026-04-18 03:23:41.702,03:42:00,False,2026-04-17 23:41:41.702,2026-04-18 03:23:41.702,222.0,3.7,True,222.0,0.0,True,DEL → HYD,INVALID_FLIGHT_ID
UK147,VISTARA,CCU,DEL,2026-04-17 23:35:41.703,2026-04-18 02:55:41.703,03:20:00,True,2026-04-17 23:35:41.703,2026-04-18 02:55:41.703,200.0,3.33,True,200.0,0.0,True,CCU → DEL,NONE
AI187,AIR INDIA,BLR,HYD,2026-04-17 23:32:41.703,2026-04-18 01:16:41.703,01:44:00,True,2026-04-17 23:32:41.703,2026-04-18 01:16:41.703,104.0,1.73,True,104.0,0.0,True,BLR → HYD,NONE
UK213,VISTARA,BOM,CCU,2026-04-17 23:21:41.704,2026-04-18 01:01:41.704,01:40:00,True,2026-04-17 23:21:41.704,2026-04-18 01:01:41.704,100.0,1.67,True,100.0,0.0,True,BOM → CCU,NONE
AI035,AIR INDIA,DEL,MAA,2026-04-17 23:17:41.701,2026-04-18 00:48:41.701,01:31:00,True,2026-04-17 23:17:41.701,2026-04-18 00:48:41.701,91.0,1.52,True,91.0,0.0,True,DEL → MAA,NONE
UK186,VISTARA,BOM,BLR,2026-04-17 23:05:41.703,2026-04-18 02:22:41.703,03:17:00,True,2026-04-17 23:05:41.703,2026-04-18 02:22:41.703,197.0,3.28,True,197.0,0.0,True,BOM → BLR,NONE
6F045,INDIGO,BOM,HYD,2026-04-17 23:04:41.701,2026-04-18 03:38:41.701,04:34:00,False,2026-04-17 23:04:41.701,2026-04-18 03:38:41.701,274.0,4.57,True,274.0,0.0,True,BOM → HYD,INVALID_FLIGHT_ID
UK025,VISTARA,DEL,BOM,2026-04-17 22:55:41.701,2026-04-18 02:47:41.701,03:52:00,True,2026-04-17 22:55:41.701,2026-04-18 02:47:41.701,232.0,3.87,True,232.0,0.0,True,DEL → BOM,NONE
UK162,VISTARA,BOM,CCU,2026-04-17 22:47:41.703,2026-04-18 00:21:41.703,01:34:00,True,2026-04-17 22:47:41.703,2026-04-18 00:21:41.703,94.0,1.57,True,94.0,0.0,True,BOM → CCU,NONE
AI157,AIR INDIA,BLR,CCU,2026-04-17 22:45:41.703,2026-04-18 01:33:41.703,02:48:00,True,2026-04-17 22:45:41.703,2026-04-18 01:33:41.703,168.0,2.8,True,168.0,0.0,True,BLR → CCU,NONE
6F096,INDIGO,MAA,BLR,2026-04-17 22:45:41.702,2026-04-18 02:58:41.702,04:13:00,False,2026-04-17 22:45:41.702,2026-04-18 02:58:41.702,253.0,4.22,True,253.0,0.0,True,MAA → BLR,INVALID_FLIGHT_ID
SJ229,SPICEJET,CCU,DEL,2026-04-17 22:25:41.704,2026-04-18 00:27:41.704,02:02:00,True,2026-04-17 22:25:41.704,2026-04-18 00:27:41.704,122.0,2.03,True,122.0,0.0,True,CCU → DEL,NONE
AI214,AIR INDIA,CCU,DEL,2026-04-17 22:23:41.703,2026-04-18 02:49:41.703,04:26:00,True,2026-04-17 22:23:41.703,2026-04-18 02:49:41.703,266.0,4.43,True,266.0,0.0,True,CCU → DEL,NONE
6F205,INDIGO,HYD,BOM,2026-04-17 22:16:41.703,2026-04-18 00:02:41.703,01:46:00,False,2026-04-17 22:16:41.703,2026-04-18 00:02:41.703,106.0,1.77,True,106.0,0.0,True,HYD → BOM,INVALID_FLIGHT_ID
SJ157,SPICEJET,DEL,HYD,2026-04-17 22:11:41.703,2026-04-18 01:05:41.703,02:54:00,True,2026-04-17 22:11:41.703,2026-04-18 01:05:41.703,174.0,2.9,True,174.0,0.0,True,DEL → HYD,NONE
UK114,VISTARA,HYD,CCU,2026-04-17 22:10:41.702,2026-04-17 23:58:41.702,01:48:00,True,2026-04-17 22:10:41.702,2026-04-17 23:58:41.702,108.0,1.8,False,108.0,0.0,True,HYD → CCU,NONE
6F054,INDIGO,HYD,BLR,2026-04-17 22:00:41.701,2026-04-18 01:25:41.701,03:25:00,False,2026-04-17 22:00:41.701,2026-04-18 01:25:41.701,205.0,3.42,True,205.0,0.0,True,HYD → BLR,INVALID_FLIGHT_ID
6F216,INDIGO,BLR,DEL,2026-04-17 21:58:41.704,2026-04-18 02:51:41.704,04:53:00,False,2026-04-17 21:58:41.704,2026-04-18 02:51:41.704,293.0,4.88,True,293.0,0.0,True,BLR → DEL,INVALID_FLIGHT_ID
AI231,AIR INDIA,DEL,HYD,2026-04-17 21:52:41.704,2026-04-17 23:51:41.704,01:59:00,True,2026-04-17 21:52:41.704,2026-04-17 23:51:41.704,119.0,1.98,False,119.0,0.0,True,DEL → HYD,NONE
UK103,VISTARA,MAA,DEL,2026-04-17 21:52:41.702,2026-04-18 01:06:41.702,03:14:00,True,2026-04-17 21:52:41.702,2026-04-18 01:06:41.702,194.0,3.23,True,194.0,0.0,True,MAA → DEL,NONE
AI066,AIR INDIA,HYD,MAA,2026-04-17 21:51:41.701,2026-04-18 00:11:41.701,02:20:00,True,2026-04-17 21:51:41.701,2026-04-18 00:11:41.701,140.0,2.33,True,140.0,0.0,True,HYD → MAA,NONE
6F186,INDIGO,HYD,BOM,2026-04-17 21:48:41.703,2026-04-18 02:02:41.703,04:14:00,False,2026-04-17 21:48:41.703,2026-04-18 02:02:41.703,254.0,4.23,True,254.0,0.0,True,HYD → BOM,INVALID_FLIGHT_ID
AI021,AIR INDIA,DEL,HYD,2026-04-17 21:39:41.701,2026-04-18 01:38:41.701,03:59:00,True,2026-04-17 21:39:41.701,2026-04-18 01:38:41.701,239.0,3.98,True,239.0,0.0,True,DEL → HYD,NONE
AI113,AIR INDIA,CCU,HYD,2026-04-17 21:21:41.702,2026-04-17 23:51:41.702,02:30:00,True,2026-04-17 21:21:41.702,2026-04-17 23:51:41.702,150.0,2.5,False,150.0,0.0,True,CCU → HYD,NONE
SJ031,SPICEJET,DEL,BOM,2026-04-17 21:20:41.701,2026-04-17 22:29:41.701,01:09:00,True,2026-04-17 21:20:41.701,2026-04-17 22:29:41.701,69.0,1.15,False,69.0,0.0,True,DEL → BOM,NONE
UK217,VISTARA,MAA,CCU,2026-04-17 21:19:41.704,2026-04-17 22:14:41.704,00:55:00,True,2026-04-17 21:19:41.704,2026-04-17 22:14:41.704,55.0,0.92,False,55.0,0.0,True,MAA → CCU,NONE
SJ120,SPICEJET,MAA,BLR,2026-04-17 21:19:41.702,2026-04-18 00:56:41.702,03:37:00,True,2026-04-17 21:19:41.702,2026-04-18 00:56:41.702,217.0,3.62,True,217.0,0.0,True,MAA → BLR,NONE
UK180,VISTARA,CCU,MAA,2026-04-17 21:18:41.703,2026-04-17 23:29:41.703,02:11:00,True,2026-04-17 21:18:41.703,2026-04-17 23:29:41.703,131.0,2.18,False,131.0,0.0,True,CCU → MAA,NONE
6F242,INDIGO,BLR,MAA,2026-04-17 21:10:41.704,2026-04-18 01:04:41.704,03:54:00,False,2026-04-17 21:10:41.704,2026-04-18 01:04:41.704,234.0,3.9,True,234.0,0.0,True,BLR → MAA,INVALID_FLIGHT_ID
UK080,VISTARA,BLR,MAA,2026-04-17 21:09:41.702,2026-04-17 22:29:41.702,01:20:00,True,2026-04-17 21:09:41.702,2026-04-17 22:29:41.702,80.0,1.33,False,80.0,0.0,True,BLR → MAA,NONE
SJ124,SPICEJET,HYD,DEL,2026-04-17 21:05:41.702,2026-04-18 01:12:41.702,04:07:00,True,2026-04-17 21:05:41.702,2026-04-18 01:12:41.702,247.0,4.12,True,247.0,0.0,True,HYD → DEL,NONE
SJ115,SPICEJET,BOM,HYD,2026-04-17 21:05:41.702,2026-04-17 23:10:41.702,02:05:00,True,2026-04-17 21:05:41.702,2026-04-17 23:10:41.702,125.0,2.08,False,125.0,0.0,True,BOM → HYD,NONE
AI081,AIR INDIA,CCU,BOM,2026-04-17 21:03:41.702,2026-04-17 22:51:41.702,01:48:00,True,2026-04-17 21:03:41.702,2026-04-17 22:51:41.702,108.0,1.8,False,108.0,0.0,True,CCU → BOM,NONE
AI142,AIR INDIA,BOM,DEL,2026-04-17 20:49:41.702,2026-04-17 23:03:41.702,02:14:00,True,2026-04-17 20:49:41.702,2026-04-17 23:03:41.702,134.0,2.23,False,134.0,0.0,True,BOM → DEL,NONE
UK052,VISTARA,BLR,CCU,2026-04-17 20:48:41.701,2026-04-17 21:40:41.701,00:52:00,True,2026-04-17 20:48:41.701,2026-04-17 21:40:41.701,52.0,0.87,False,52.0,0.0,True,BLR → CCU,NONE
UK014,VISTARA,HYD,MAA,2026-04-17 20:41:41.701,2026-04-17 22:06:41.701,01:25:00,True,2026-04-17 20:41:41.701,2026-04-17 22:06:41.701,85.0,1.42,False,85.0,0.0,True,HYD → MAA,NONE
AI230,UNKNOWN,CCU,BLR,2026-04-17 20:37:41.704,2026-04-18 00:22:41.704,03:45:00,True,2026-04-17 20:37:41.704,2026-04-18 00:22:41.704,225.0,3.75,True,225.0,0.0,True,CCU → BLR,NONE
6F268,UNKNOWN,DEL,MAA,2026-04-17 20:29:41.701,2026-04-17 21:58:41.701,01:29:00,False,2026-04-17 20:29:41.701,2026-04-17 21:58:41.701,89.0,1.48,False,89.0,0.0,True,DEL → MAA,INVALID_FLIGHT_ID
AI124,AIR INDIA,CCU,HYD,2026-04-17 20:28:41.702,2026-04-18 00:00:41.702,03:32:00,True,2026-04-17 20:28:41.702,2026-04-18 00:00:41.702,212.0,3.53,True,212.0,0.0,True,CCU → HYD,NONE
6F082,INDIGO,BOM,BLR,2026-04-17 20:26:41.702,2026-04-17 22:26:41.702,02:00:00,False,2026-04-17 20:26:41.702,2026-04-17 22:26:41.702,120.0,2.0,False,120.0,0.0,True,BOM → BLR,INVALID_FLIGHT_ID
SJ035,SPICEJET,CCU,DEL,2026-04-17 20:15:41.701,2026-04-17 21:15:42.000,01:00:00.299000,True,2026-04-17 20:15:41.701,2026-04-17 21:15:42.000,60.004983333333335,1.0,False,60.004983333333335,0.0,True,CCU → DEL,NONE
SJ095,SPICEJET,DEL,MAA,2026-04-17 20:09:41.702,2026-04-17 23:13:41.702,03:04:00,True,2026-04-17 20:09:41.702,2026-04-17 23:13:41.702,184.0,3.07,False,184.0,0.0,True,DEL → MAA,NONE
UK230,VISTARA,BLR,BOM,2026-04-17 20:02:41.704,2026-04-17 21:35:41.704,01:33:00,True,2026-04-17 20:02:41.704,2026-04-17 21:35:41.704,93.0,1.55,False,93.0,0.0,True,BLR → BOM,NONE
UK171,VISTARA,HYD,CCU,2026-04-17 19:59:41.703,2026-04-17 22:53:41.703,02:54:00,True,2026-04-17 19:59:41.703,2026-04-17 22:53:41.703,174.0,2.9,False,174.0,0.0,True,HYD → CCU,NONE
6F147,INDIGO,HYD,MAA,2026-04-17 19:57:41.703,2026-04-18 00:31:41.703,04:34:00,False,2026-04-17 19:57:41.703,2026-04-18 00:31:41.703,274.0,4.57,True,274.0,0.0,True,HYD → MAA,INVALID_FLIGHT_ID
SJ212,UNKNOWN,MAA,BLR,2026-04-17 19:49:41.703,2026-04-17 21:44:41.703,01:55:00,True,2026-04-17 19:49:41.703,2026-04-17 21:44:41.703,115.0,1.92,False,115.0,0.0,True,MAA → BLR,NONE
6F080,INDIGO,HYD,MAA,2026-04-17 19:47:41.702,2026-04-17 23:13:41.702,03:26:00,False,2026-04-17 19:47:41.702,2026-04-17 23:13:41.702,206.0,3.43,False,206.0,0.0,True,HYD → MAA,INVALID_FLIGHT_ID
UK049,VISTARA,HYD,BOM,2026-04-17 19:47:41.701,2026-04-17 20:32:41.701,00:45:00,True,2026-04-17 19:47:41.701,2026-04-17 20:32:41.701,45.0,0.75,False,45.0,0.0,True,HYD → BOM,NONE
AI152,AIR INDIA,BLR,CCU,2026-04-17 19:21:41.703,2026-04-17 20:26:41.703,01:05:00,True,2026-04-17 19:21:41.703,2026-04-17 20:26:41.703,65.0,1.08,False,65.0,0.0,True,BLR → CCU,NONE
AI162,AIR INDIA,MAA,DEL,2026-04-17 19:20:41.703,2026-04-17 22:40:41.703,03:20:00,True,2026-04-17 19:20:41.703,2026-04-17 22:40:41.703,200.0,3.33,False,200.0,0.0,True,MAA → DEL,NONE
SJ037,SPICEJET,BLR,BOM,2026-04-17 19:14:41.701,2026-04-17 22:31:41.701,03:17:00,True,2026-04-17 19:14:41.701,2026-04-17 22:31:41.701,197.0,3.28,False,197.0,0.0,True,BLR → BOM,NONE
AI172,AIR INDIA,BOM,CCU,2026-04-17 19:08:41.703,2026-04-17 19:53:41.703,00:45:00,True,2026-04-17 19:08:41.703,2026-04-17 19:53:41.703,45.0,0.75,False,45.0,0.0,True,BOM → CCU,NONE
UK205,VISTARA,HYD,MAA,2026-04-17 18:57:41.703,2026-04-17 21:46:41.703,02:49:00,True,2026-04-17 18:57:41.703,2026-04-17 21:46:41.703,169.0,2.82,False,169.0,0.0,True,HYD → MAA,NONE
AI199,AIR INDIA,HYD,DEL,2026-04-17 18:47:41.703,2026-04-17 22:26:41.703,03:39:00,True,2026-04-17 18:47:41.703,2026-04-17 22:26:41.703,219.0,3.65,False,219.0,0.0,True,HYD → DEL,NONE
6F241,INDIGO,DEL,HYD,2026-04-17 18:27:41.704,2026-04-17 19:02:41.704,00:35:00,False,2026-04-17 18:27:41.704,2026-04-17 19:02:41.704,35.0,0.58,False,35.0,0.0,True,DEL → HYD,INVALID_FLIGHT_ID
SJ041,SPICEJET,CCU,HYD,2026-04-17 18:24:41.701,2026-04-17 22:59:41.701,04:35:00,True,2026-04-17 18:24:41.701,2026-04-17 22:59:41.701,275.0,4.58,False,275.0,0.0,True,CCU → HYD,NONE
AI064,AIR INDIA,BLR,MAA,2026-04-17 18:24:41.701,2026-04-17 20:07:41.701,01:43:00,True,2026-04-17 18:24:41.701,2026-04-17 20:07:41.701,103.0,1.72,False,103.0,0.0,True,BLR → MAA,NONE
UK169,VISTARA,HYD,DEL,2026-04-17 18:12:41.703,2026-04-17 23:01:41.703,04:49:00,True,2026-04-17 18:12:41.703,2026-04-17 23:01:41.703,289.0,4.82,False,289.0,0.0,True,HYD → DEL,NONE
UK144,VISTARA,BOM,CCU,2026-04-17 18:07:41.703,2026-04-17 20:59:41.703,02:52:00,True,2026-04-17 18:07:41.703,2026-04-17 20:59:41.703,172.0,2.87,False,172.0,0.0,True,BOM → CCU,NONE
AI118,AIR INDIA,HYD,MAA,2026-04-17 17:50:41.702,2026-04-17 19:59:41.702,02:09:00,True,2026-04-17 17:50:41.702,2026-04-17 19:59:41.702,129.0,2.15,False,129.0,0.0,True,HYD → MAA,NONE
SJ145,SPICEJET,BLR,HYD,2026-04-17 17:41:41.702,2026-04-17 20:38:41.702,02:57:00,True,2026-04-17 17:41:41.702,2026-04-17 20:38:41.702,177.0,2.95,False,177.0,0.0,True,BLR → HYD,NONE
SJ077,SPICEJET,BLR,MAA,2026-04-17 17:32:41.701,2026-04-17 19:40:41.701,02:08:00,True,2026-04-17 17:32:41.701,2026-04-17 19:40:41.701,128.0,2.13,False,128.0,0.0,True,BLR → MAA,NONE
AI126,AIR INDIA,MAA,HYD,2026-04-17 17:26:41.702,2026-04-17 20:48:41.702,03:22:00,True,2026-04-17 17:26:41.702,2026-04-17 20:48:41.702,202.0,3.37,False,202.0,0.0,True,MAA → HYD,NONE
SJ033,SPICEJET,HYD,DEL,2026-04-17 17:26:41.701,2026-04-17 18:51:41.701,01:25:00,True,2026-04-17 17:26:41.701,2026-04-17 18:51:41.701,85.0,1.42,False,85.0,0.0,True,HYD → DEL,NONE
SJ180,SPICEJET,HYD,CCU,2026-04-17 17:12:41.703,2026-04-17 22:00:41.703,04:48:00,True,2026-04-17 17:12:41.703,2026-04-17 22:00:41.703,288.0,4.8,False,288.0,0.0,True,HYD → CCU,NONE
6F183,INDIGO,MAA,HYD,2026-04-17 17:08:41.703,2026-04-17 19:52:41.703,02:44:00,False,2026-04-17 17:08:41.703,2026-04-17 19:52:41.703,164.0,2.73,False,164.0,0.0,True,MAA → HYD,INVALID_FLIGHT_ID
AI145,UNKNOWN,DEL,BOM,2026-04-17 17:06:41.702,2026-04-17 21:31:41.702,04:25:00,True,2026-04-17 17:06:41.702,2026-04-17 21:31:41.702,265.0,4.42,False,265.0,0.0,True,DEL → BOM,NONE
6F089,INDIGO,DEL,HYD,2026-04-17 17:06:41.702,2026-04-17 19:10:41.702,02:04:00,False,2026-04-17 17:06:41.702,2026-04-17 19:10:41.702,124.0,2.07,False,124.0,0.0,True,DEL → HYD,INVALID_FLIGHT_ID
6F207,INDIGO,BOM,HYD,2026-04-17 16:59:41.703,2026-04-17 21:00:41.703,04:01:00,False,2026-04-17 16:59:41.703,2026-04-17 21:00:41.703,241.0,4.02,False,241.0,0.0,True,BOM → HYD,INVALID_FLIGHT_ID
AI229,AIR INDIA,HYD,MAA,2026-04-17 16:48:41.703,2026-04-17 18:40:41.703,01:52:00,True,2026-04-17 16:48:41.703,2026-04-17 18:40:41.703,112.0,1.87,False,112.0,0.0,True,HYD → MAA,NONE
6F223,INDIGO,MAA,BLR,2026-04-17 16:47:41.704,2026-04-17 17:21:41.704,00:34:00,False,2026-04-17 16:47:41.704,2026-04-17 17:21:41.704,34.0,0.57,False,34.0,0.0,True,MAA → BLR,INVALID_FLIGHT_ID
6F116,INDIGO,MAA,CCU,2026-04-17 16:43:41.702,2026-04-17 19:02:41.702,02:19:00,False,2026-04-17 16:43:41.702,2026-04-17 19:02:41.702,139.0,2.32,False,139.0,0.0,True,MAA → CCU,INVALID_FLIGHT_ID
SJ240,SPICEJET,BOM,HYD,2026-04-17 16:42:41.704,2026-04-17 20:21:41.704,03:39:00,True,2026-04-17 16:42:41.704,2026-04-17 20:21:41.704,219.0,3.65,False,219.0,0.0,True,BOM → HYD,NONE
SJ184,SPICEJET,CCU,DEL,2026-04-17 16:32:41.703,2026-04-17 21:00:41.703,04:28:00,True,2026-04-17 16:32:41.703,2026-04-17 21:00:41.703,268.0,4.47,False,268.0,0.0,True,CCU → DEL,NONE
AI087,AIR INDIA,MAA,DEL,2026-04-17 16:32:41.702,2026-04-17 20:30:41.702,03:58:00,True,2026-04-17 16:32:41.702,2026-04-17 20:30:41.702,238.0,3.97,False,238.0,0.0,True,MAA → DEL,NONE
UK148,VISTARA,HYD,BOM,2026-04-17 16:31:41.703,2026-04-17 18:43:41.703,02:12:00,True,2026-04-17 16:31:41.703,2026-04-17 18:43:41.703,132.0,2.2,False,132.0,0.0,True,HYD → BOM,NONE
AI210,AIR INDIA,BLR,BOM,2026-04-17 16:13:41.703,2026-04-17 18:50:41.703,02:37:00,True,2026-04-17 16:13:41.703,2026-04-17 18:50:41.703,157.0,2.62,False,157.0,0.0,True,BLR → BOM,NONE
6F093,INDIGO,CCU,DEL,2026-04-17 16:09:41.702,2026-04-17 20:00:41.702,03:51:00,False,2026-04-17 16:09:41.702,2026-04-17 20:00:41.702,231.0,3.85,False,231.0,0.0,True,CCU → DEL,INVALID_FLIGHT_ID
SJ080,SPICEJET,CCU,MAA,2026-04-17 16:04:41.702,2026-04-17 17:59:41.702,01:55:00,True,2026-04-17 16:04:41.702,2026-04-17 17:59:41.702,115.0,1.92,False,115.0,0.0,True,CCU → MAA,NONE
SJ005,SPICEJET,DEL,MAA,2026-04-17 16:03:41.701,2026-04-17 17:24:41.701,01:21:00,True,2026-04-17 16:03:41.701,2026-04-17 17:24:41.701,81.0,1.35,False,81.0,0.0,True,DEL → MAA,NONE
6F040,INDIGO,HYD,CCU,2026-04-17 15:52:41.701,2026-04-17 20:33:41.701,04:41:00,False,2026-04-17 15:52:41.701,2026-04-17 20:33:41.701,281.0,4.68,False,281.0,0.0,True,HYD → CCU,INVALID_FLIGHT_ID
AI212,AIR INDIA,DEL,CCU,2026-04-17 15:31:41.703,2026-04-17 20:13:41.703,04:42:00,True,2026-04-17 15:31:41.703,2026-04-17 20:13:41.703,282.0,4.7,False,282.0,0.0,True,DEL → CCU,NONE
AI154,AIR INDIA,HYD,MAA,2026-04-17 15:25:41.703,2026-04-17 19:16:41.703,03:51:00,True,2026-04-17 15:25:41.703,2026-04-17 19:16:41.703,231.0,3.85,False,231.0,0.0,True,HYD → MAA,NONE
6F239,INDIGO,CCU,BOM,2026-04-17 15:24:41.704,2026-04-17 17:37:41.704,02:13:00,False,2026-04-17 15:24:41.704,2026-04-17 17:37:41.704,133.0,2.22,False,133.0,0.0,True,CCU → BOM,INVALID_FLIGHT_ID
UK199,VISTARA,BOM,CCU,2026-04-17 15:24:41.703,2026-04-17 18:55:41.703,03:31:00,True,2026-04-17 15:24:41.703,2026-04-17 18:55:41.703,211.0,3.52,False,211.0,0.0,True,BOM → CCU,NONE
6F218,INDIGO,BLR,BOM,2026-04-17 15:16:41.704,2026-04-17 19:03:41.704,03:47:00,False,2026-04-17 15:16:41.704,2026-04-17 19:03:41.704,227.0,3.78,False,227.0,0.0,True,BLR → BOM,INVALID_FLIGHT_ID
6F011,INDIGO,MAA,BLR,2026-04-17 15:16:41.701,2026-04-17 17:16:42.000,02:00:00.299000,False,2026-04-17 15:16:41.701,2026-04-17 17:16:42.000,120.00498333333333,2.0,False,120.00498333333333,0.0,True,MAA → BLR,INVALID_FLIGHT_ID
UK106,VISTARA,BOM,CCU,2026-04-17 15:12:41.702,2026-04-17 17:23:41.702,02:11:00,True,2026-04-17 15:12:41.702,2026-04-17 17:23:41.702,131.0,2.18,False,131.0,0.0,True,BOM → CCU,NONE
UK030,VISTARA,CCU,DEL,2026-04-17 15:11:41.701,2026-04-17 19:38:41.701,04:27:00,True,2026-04-17 15:11:41.701,2026-04-17 19:38:41.701,267.0,4.45,False,267.0,0.0,True,CCU → DEL,NONE
6F090,INDIGO,HYD,BLR,2026-04-17 15:10:41.702,2026-04-17 19:22:41.702,04:12:00,False,2026-04-17 15:10:41.702,2026-04-17 19:22:41.702,252.0,4.2,False,252.0,0.0,True,HYD → BLR,INVALID_FLIGHT_ID
AI184,AIR INDIA,BOM,CCU,2026-04-17 15:03:41.703,2026-04-17 17:03:42.000,02:00:00.297000,True,2026-04-17 15:03:41.703,2026-04-17 17:03:42.000,120.00495,2.0,False,120.00495,0.0,True,BOM → CCU,NONE
SJ232,SPICEJET,MAA,BLR,2026-04-17 15:02:41.704,2026-04-17 19:22:41.704,04:20:00,True,2026-04-17 15:02:41.704,2026-04-17 19:22:41.704,260.0,4.33,False,260.0,0.0,True,MAA → BLR,NONE
AI153,AIR INDIA,BOM,CCU,2026-04-17 15:02:41.703,2026-04-17 16:30:41.703,01:28:00,True,2026-04-17 15:02:41.703,2026-04-17 16:30:41.703,88.0,1.47,False,88.0,0.0,True,BOM → CCU,NONE
UK101,VISTARA,DEL,HYD,2026-04-17 15:00:41.702,2026-04-17 17:43:41.702,02:43:00,True,2026-04-17 15:00:41.702,2026-04-17 17:43:41.702,163.0,2.72,False,163.0,0.0,True,DEL → HYD,NONE
6F200,INDIGO,HYD,DEL,2026-04-17 14:54:41.703,2026-04-17 19:41:41.703,04:47:00,False,2026-04-17 14:54:41.703,2026-04-17 19:41:41.703,287.0,4.78,False,287.0,0.0,True,HYD → DEL,INVALID_FLIGHT_ID
6F162,INDIGO,CCU,BOM,2026-04-17 14:50:41.703,2026-04-17 17:44:41.703,02:54:00,False,2026-04-17 14:50:41.703,2026-04-17 17:44:41.703,174.0,2.9,False,174.0,0.0,True,CCU → BOM,INVALID_FLIGHT_ID
SJ197,SPICEJET,HYD,BLR,2026-04-17 14:49:41.703,2026-04-17 17:33:41.703,02:44:00,True,2026-04-17 14:49:41.703,2026-04-17 17:33:41.703,164.0,2.73,False,164.0,0.0,True,HYD → BLR,NONE
AI174,AIR INDIA,DEL,CCU,2026-04-17 14:45:41.703,2026-04-17 17:01:41.703,02:16:00,True,2026-04-17 14:45:41.703,2026-04-17 17:01:41.703,136.0,2.27,False,136.0,0.0,True,DEL → CCU,NONE
UK090,VISTARA,HYD,MAA,2026-04-17 14:44:41.702,2026-04-17 17:24:41.702,02:40:00,True,2026-04-17 14:44:41.702,2026-04-17 17:24:41.702,160.0,2.67,False,160.0,0.0,True,HYD → MAA,NONE
UK124,VISTARA,MAA,BLR,2026-04-17 14:35:41.702,2026-04-17 17:09:41.702,02:34:00,True,2026-04-17 14:35:41.702,2026-04-17 17:09:41.702,154.0,2.57,False,154.0,0.0,True,MAA → BLR,NONE
AI239,AIR INDIA,BOM,HYD,2026-04-17 14:33:41.704,2026-04-17 17:47:41.704,03:14:00,True,2026-04-17 14:33:41.704,2026-04-17 17:47:41.704,194.0,3.23,False,194.0,0.0,True,BOM → HYD,NONE
UK002,VISTARA,CCU,MAA,2026-04-17 14:28:41.700,2026-04-17 19:20:41.700,04:52:00,True,2026-04-17 14:28:41.700,2026-04-17 19:20:41.700,292.0,4.87,False,292.0,0.0,True,CCU → MAA,NONE
SJ055,SPICEJET,HYD,MAA,2026-04-17 14:17:41.701,2026-04-17 17:56:41.701,03:39:00,True,2026-04-17 14:17:41.701,2026-04-17 17:56:41.701,219.0,3.65,False,219.0,0.0,True,HYD → MAA,NONE
UK132,VISTARA,BOM,DEL,2026-04-17 14:12:41.702,2026-04-17 16:19:41.702,02:07:00,True,2026-04-17 14:12:41.702,2026-04-17 16:19:41.702,127.0,2.12,False,127.0,0.0,True,BOM → DEL,NONE
6F002,INDIGO,BLR,MAA,2026-04-17 14:11:41.700,2026-04-17 17:34:41.700,03:23:00,False,2026-04-17 14:11:41.700,2026-04-17 17:34:41.700,203.0,3.38,False,203.0,0.0,True,BLR → MAA,INVALID_FLIGHT_ID
UK005,VISTARA,BOM,MAA,2026-04-17 14:02:41.701,2026-04-17 18:14:41.701,04:12:00,True,2026-04-17 14:02:41.701,2026-04-17 18:14:41.701,252.0,4.2,False,252.0,0.0,True,BOM → MAA,NONE
6F258,UNKNOWN,BOM,DEL,2026-04-17 13:54:41.703,2026-04-17 16:49:41.703,02:55:00,False,2026-04-17 13:54:41.703,2026-04-17 16:49:41.703,175.0,2.92,False,175.0,0.0,True,BOM → DEL,INVALID_FLIGHT_ID
SJ244,SPICEJET,BLR,DEL,2026-04-17 13:51:41.704,2026-04-17 15:39:41.704,01:48:00,True,2026-04-17 13:51:41.704,2026-04-17 15:39:41.704,108.0,1.8,False,108.0,0.0,True,BLR → DEL,NONE
AI075,AIR INDIA,CCU,DEL,2026-04-17 13:51:41.702,2026-04-17 16:49:41.702,02:58:00,True,2026-04-17 13:51:41.702,2026-04-17 16:49:41.702,178.0,2.97,False,178.0,0.0,True,CCU → DEL,NONE
AI160,AIR INDIA,MAA,DEL,2026-04-17 13:41:41.703,2026-04-17 17:01:41.703,03:20:00,True,2026-04-17 13:41:41.703,2026-04-17 17:01:41.703,200.0,3.33,False,200.0,0.0,True,MAA → DEL,NONE
UK091,VISTARA,CCU,BOM,2026-04-17 13:37:41.702,2026-04-17 17:31:41.702,03:54:00,True,2026-04-17 13:37:41.702,2026-04-17 17:31:41.702,234.0,3.9,False,234.0,0.0,True,CCU → BOM,NONE
UK195,VISTARA,HYD,BOM,2026-04-17 13:35:41.703,2026-04-17 16:35:41.703,03:00:00,True,2026-04-17 13:35:41.703,2026-04-17 16:35:41.703,180.0,3.0,False,180.0,0.0,True,HYD → BOM,NONE
6F044,INDIGO,DEL,HYD,2026-04-17 13:25:41.701,2026-04-17 17:36:41.701,04:11:00,False,2026-04-17 13:25:41.701,2026-04-17 17:36:41.701,251.0,4.18,False,251.0,0.0,True,DEL → HYD,INVALID_FLIGHT_ID
6F248,INDIGO,DEL,HYD,2026-04-17 13:25:41.701,2026-04-17 17:36:41.701,04:11:00,False,2026-04-17 13:25:41.701,2026-04-17 17:36:41.701,251.0,4.18,False,251.0,0.0,True,DEL → HYD,INVALID_FLIGHT_ID
6F204,INDIGO,DEL,CCU,2026-04-17 13:23:41.703,2026-04-17 16:04:41.703,02:41:00,False,2026-04-17 13:23:41.703,2026-04-17 16:04:41.703,161.0,2.68,False,161.0,0.0,True,DEL → CCU,INVALID_FLIGHT_ID
SJ092,SPICEJET,BLR,MAA,2026-04-17 13:19:41.702,2026-04-17 17:56:41.702,04:37:00,True,2026-04-17 13:19:41.702,2026-04-17 17:56:41.702,277.0,4.62,False,277.0,0.0,True,BLR → MAA,NONE
AI119,AIR INDIA,MAA,BLR,2026-04-17 13:15:41.702,2026-04-17 15:57:41.702,02:42:00,True,2026-04-17 13:15:41.702,2026-04-17 15:57:41.702,162.0,2.7,False,162.0,0.0,True,MAA → BLR,NONE
AI151,AIR INDIA,MAA,HYD,2026-04-17 13:14:41.703,2026-04-17 14:10:41.703,00:56:00,True,2026-04-17 13:14:41.703,2026-04-17 14:10:41.703,56.0,0.93,False,56.0,0.0,True,MAA → HYD,NONE
UK107,VISTARA,HYD,BOM,2026-04-17 13:09:41.702,2026-04-17 14:25:41.702,01:16:00,True,2026-04-17 13:09:41.702,2026-04-17 14:25:41.702,76.0,1.27,False,76.0,0.0,True,HYD → BOM,NONE
SJ019,SPICEJET,BLR,DEL,2026-04-17 13:07:41.701,2026-04-17 15:56:41.701,02:49:00,True,2026-04-17 13:07:41.701,2026-04-17 15:56:41.701,169.0,2.82,False,169.0,0.0,True,BLR → DEL,NONE
AI052,AIR INDIA,CCU,MAA,2026-04-17 13:06:41.701,2026-04-17 15:42:41.701,02:36:00,True,2026-04-17 13:06:41.701,2026-04-17 15:42:41.701,156.0,2.6,False,156.0,0.0,True,CCU → MAA,NONE
SJ177,SPICEJET,BOM,CCU,2026-04-17 13:04:41.703,2026-04-17 17:37:41.703,04:33:00,True,2026-04-17 13:04:41.703,2026-04-17 17:37:41.703,273.0,4.55,False,273.0,0.0,True,BOM → CCU,NONE
6F215,INDIGO,DEL,BLR,2026-04-17 13:00:41.703,2026-04-17 17:30:41.703,04:30:00,False,2026-04-17 13:00:41.703,2026-04-17 17:30:41.703,270.0,4.5,False,270.0,0.0,True,DEL → BLR,INVALID_FLIGHT_ID
AI223,AIR INDIA,BOM,CCU,2026-04-17 12:53:41.703,2026-04-17 14:42:41.703,01:49:00,True,2026-04-17 12:53:41.703,2026-04-17 14:42:41.703,109.0,1.82,False,109.0,0.0,True,BOM → CCU,NONE
SJ069,SPICEJET,HYD,BLR,2026-04-17 12:53:41.701,2026-04-17 14:17:41.701,01:24:00,True,2026-04-17 12:53:41.701,2026-04-17 14:17:41.701,84.0,1.4,False,84.0,0.0,True,HYD → BLR,NONE
6F198,INDIGO,HYD,BLR,2026-04-17 12:40:41.703,2026-04-17 17:39:41.703,04:59:00,False,2026-04-17 12:40:41.703,2026-04-17 17:39:41.703,299.0,4.98,False,299.0,0.0,True,HYD → BLR,INVALID_FLIGHT_ID
AI093,AIR INDIA,BOM,BLR,2026-04-17 12:35:41.702,2026-04-17 17:28:41.702,04:53:00,True,2026-04-17 12:35:41.702,2026-04-17 17:28:41.702,293.0,4.88,False,293.0,0.0,True,BOM → BLR,NONE
UK062,VISTARA,HYD,DEL,2026-04-17 12:33:41.701,2026-04-17 15:35:41.701,03:02:00,True,2026-04-17 12:33:41.701,2026-04-17 15:35:41.701,182.0,3.03,False,182.0,0.0,True,HYD → DEL,NONE
6F057,INDIGO,MAA,DEL,2026-04-17 12:32:41.701,2026-04-17 15:50:41.701,03:18:00,False,2026-04-17 12:32:41.701,2026-04-17 15:50:41.701,198.0,3.3,False,198.0,0.0,True,MAA → DEL,INVALID_FLIGHT_ID
UK064,VISTARA,BOM,DEL,2026-04-17 12:25:41.701,2026-04-17 14:55:41.701,02:30:00,True,2026-04-17 12:25:41.701,2026-04-17 14:55:41.701,150.0,2.5,False,150.0,0.0,True,BOM → DEL,NONE
